-- phpMyAdmin SQL Dump
-- version 4.8.5
-- https://www.phpmyadmin.net/
--
-- Hôte : localhost
-- Généré le :  mar. 01 oct. 2019 à 08:18
-- Version du serveur :  5.7.27-0ubuntu0.18.04.1
-- Version de PHP :  7.2.19-0ubuntu0.18.04.2

SET SQL_MODE = "NO_AUTO_VALUE_ON_ZERO";
SET AUTOCOMMIT = 0;
START TRANSACTION;
SET time_zone = "+00:00";


/*!40101 SET @OLD_CHARACTER_SET_CLIENT=@@CHARACTER_SET_CLIENT */;
/*!40101 SET @OLD_CHARACTER_SET_RESULTS=@@CHARACTER_SET_RESULTS */;
/*!40101 SET @OLD_COLLATION_CONNECTION=@@COLLATION_CONNECTION */;
/*!40101 SET NAMES utf8mb4 */;

--
-- Base de données :  `competition`
--

-- --------------------------------------------------------

--
-- Structure de la table `arbitre`
--

CREATE TABLE `arbitre` (
  `id_arbitre` int(11) NOT NULL,
  `nom_arbitre` varchar(100) NOT NULL,
  `tel_arbitre` varchar(100) NOT NULL
) ENGINE=InnoDB DEFAULT CHARSET=latin1;

--
-- Déchargement des données de la table `arbitre`
--

INSERT INTO `arbitre` (`id_arbitre`, `nom_arbitre`, `tel_arbitre`) VALUES
(1, 'Malang Diédhiou', '771234567'),
(2, 'Djibril Camara', '701234567'),
(3, 'Malcik Samaba', '761234567'),
(4, 'Alioune Ndiaye', '781234567'),
(5, 'Sitor Ndour', '705489637'),
(6, 'Cheikh Diop', '769645231'),
(7, 'Moussa Diagne', '772546961'),
(8, 'Singar Seck', '782546871'),
(9, 'Ibrahima Ba', '775489632'),
(10, 'Bou Diop', '704596321'),
(11, 'Omar Sow', '705489637'),
(12, 'Abdou', '769645231'),
(13, 'Ngagne Fall', '772546961'),
(14, 'Moussa Sarr', '782546871'),
(15, 'Yaya Kane', '775489632'),
(16, 'Saliou Khoule', '704596321'),
(17, 'Pape Cheikh Diallo', '704596321');

-- --------------------------------------------------------

--
-- Structure de la table `arbitrer`
--

CREATE TABLE `arbitrer` (
  `id_matchs` int(11) NOT NULL,
  `id_arbitre` int(11) NOT NULL,
  `statut` varchar(100) NOT NULL
) ENGINE=InnoDB DEFAULT CHARSET=latin1;

--
-- Déchargement des données de la table `arbitrer`
--

INSERT INTO `arbitrer` (`id_matchs`, `id_arbitre`, `statut`) VALUES
(1, 1, 'central'),
(1, 3, 'assistant'),
(1, 5, 'assistant'),
(1, 6, 'assistant'),
(2, 2, 'central'),
(2, 7, 'assistant'),
(2, 8, 'assistant'),
(2, 9, 'assistant'),
(3, 2, 'assistant'),
(3, 3, 'central'),
(3, 5, 'assistant'),
(3, 6, 'assistant'),
(4, 4, 'central'),
(4, 5, 'assistant'),
(4, 8, 'assistant'),
(4, 10, 'assistant'),
(5, 2, 'assistant'),
(5, 3, 'assistant'),
(5, 5, 'central'),
(5, 11, 'assistant'),
(6, 5, 'assistant'),
(6, 6, 'central'),
(6, 14, 'assistant'),
(6, 17, 'assistant'),
(7, 3, 'assistant'),
(7, 7, 'central'),
(7, 9, 'assistant'),
(7, 11, 'assistant'),
(8, 7, 'assistant'),
(8, 8, 'central'),
(8, 9, 'assistant'),
(8, 15, 'assistant'),
(9, 3, 'assistant'),
(9, 9, 'central'),
(9, 14, 'assistant'),
(9, 17, 'assistant'),
(10, 1, 'assistant'),
(10, 5, 'assistant'),
(10, 9, 'assistant'),
(10, 10, 'central'),
(11, 2, 'assistant'),
(11, 7, 'assistant'),
(11, 9, 'assistant'),
(11, 11, 'central'),
(12, 3, 'assistant'),
(12, 7, 'assistant'),
(12, 9, 'assistant'),
(12, 12, 'central'),
(13, 3, 'assistant'),
(13, 5, 'assistant'),
(13, 9, 'assistant'),
(13, 13, 'central'),
(14, 1, 'assistant'),
(14, 5, 'assistant'),
(14, 9, 'assistant'),
(14, 14, 'central'),
(15, 3, 'assistant'),
(15, 5, 'assistant'),
(15, 7, 'assistant'),
(15, 15, 'central'),
(16, 2, 'assistant'),
(16, 7, 'assistant'),
(16, 9, 'assistant'),
(16, 16, 'central'),
(17, 4, 'assistant'),
(17, 6, 'assistant'),
(17, 13, 'assistant'),
(17, 17, 'central'),
(18, 5, 'central'),
(18, 7, 'assistant'),
(18, 9, 'assistant'),
(18, 14, 'assistant'),
(19, 6, 'assistant'),
(19, 9, 'assistant'),
(19, 10, 'central'),
(19, 13, 'assistant'),
(20, 2, 'assistant'),
(20, 7, 'central'),
(20, 9, 'assistant'),
(20, 11, 'assistant'),
(21, 2, 'assistant'),
(21, 3, 'assistant'),
(21, 15, 'central'),
(21, 17, 'assistant'),
(22, 1, 'central'),
(22, 3, 'assistant'),
(22, 5, 'assistant'),
(22, 9, 'assistant'),
(23, 3, 'assistant'),
(23, 5, 'assistant'),
(23, 7, 'assistant'),
(23, 9, 'central'),
(24, 3, 'assistant'),
(24, 4, 'assistant'),
(24, 6, 'assistant'),
(24, 8, 'central'),
(25, 9, 'assistant'),
(25, 11, 'assistant'),
(25, 15, 'assistant'),
(25, 17, 'central'),
(26, 1, 'assistant'),
(26, 3, 'assistant'),
(26, 14, 'central'),
(26, 17, 'assistant'),
(27, 3, 'assistant'),
(27, 7, 'assistant'),
(27, 9, 'assistant'),
(27, 11, 'central'),
(28, 3, 'assistant'),
(28, 5, 'assistant'),
(28, 8, 'assistant'),
(28, 13, 'central'),
(29, 6, 'assistant'),
(29, 7, 'assistant'),
(29, 9, 'central'),
(29, 12, 'assistant'),
(30, 1, 'assistant'),
(30, 3, 'central'),
(30, 5, 'assistant'),
(30, 16, 'assistant'),
(31, 3, 'assistant'),
(31, 5, 'central'),
(31, 13, 'assistant'),
(31, 16, 'assistant'),
(32, 2, 'assistant'),
(32, 7, 'central'),
(32, 8, 'assistant'),
(32, 16, 'assistant');


-- --------------------------------------------------------

--
-- Structure de la table `contenir`
--

CREATE TABLE `contenir` (
  `id_poule` int(11) NOT NULL,
  `id_equipe` int(11) NOT NULL,
  `id_tournoi` int(11) NOT NULL
) ENGINE=InnoDB DEFAULT CHARSET=latin1;

--
-- Déchargement des données de la table `contenir`
--

INSERT INTO `contenir` (`id_poule`, `id_equipe`, `id_tournoi`) VALUES
(1, 1, 1),
(1, 2, 1),
(1, 3, 1),
(1, 4, 1),
(2, 5, 1),
(2, 6, 1),
(2, 7, 1),
(2, 8, 1),
(3, 9, 1),
(3, 10, 1),
(3, 11, 1),
(3, 12, 1),
(4, 13, 1),
(4, 14, 1),
(4, 15, 1),
(4, 16, 1);

-- --------------------------------------------------------

--
-- Structure de la table `disputer`
--

CREATE TABLE `disputer` (
  `id_equipe` int(11) NOT NULL,
  `id_equipe_disputer` int(11) NOT NULL,
  `id_matchs` int(11) NOT NULL,
  `score` varchar(200) NOT NULL
) ENGINE=InnoDB DEFAULT CHARSET=latin1;

--
-- Déchargement des données de la table `disputer`
--

INSERT INTO `disputer` (`id_equipe`, `id_equipe_disputer`, `id_matchs`, `score`) VALUES
(1, 2, 1, '1 – 1'),
(1, 3, 9, '1 – 1'),
(3, 2, 18, '0 – 2'),
(3, 4, 2, '1 – 1'),
(3, 6, 25, '2 – 0'),
(3, 13, 29, '2 – 3'),
(3, 14, 31, '1 – 0'),
(4, 1, 17, '0 – 0'),
(4, 2, 10, '2 – 1'),
(4, 14, 30, '2 – 0'),
(5, 4, 26, '0 – 3'),
(5, 7, 19, '2 – 2'),
(5, 8, 12, '2 – 0'),
(6, 5, 4, '0 – 2'),
(7, 6, 11, '1 – 2'),
(7, 8, 3, '2 – 2'),
(8, 6, 20, '2 – 4'),
(9, 10, 6, '1 – 0'),
(9, 14, 27, '1 – 2'),
(10, 11, 21, '1 – 0'),
(10, 12, 14, '3 – 1'),
(11, 9, 13, '2 – 2'),
(11, 12, 5, '0 – 0'),
(12, 9, 22, '1 – 3'),
(13, 4, 32, '1 – 2'),
(13, 10, 28, '1 – 0'),
(13, 14, 23, '1 – 0'),
(13, 16, 16, '1 – 0'),
(14, 15, 15, '1 – 0'),
(14, 16, 7, '1 – 0'),
(15, 13, 8, '0 – 0'),
(16, 15, 24, '1 – 1');

-- --------------------------------------------------------

--
-- Structure de la table `equipe`
--

CREATE TABLE `equipe` (
  `id_equipe` int(11) NOT NULL,
  `nom_equipe` varchar(50) NOT NULL,
  `adresse_equipe` varchar(50) NOT NULL
) ENGINE=InnoDB DEFAULT CHARSET=latin1;

--
-- Déchargement des données de la table `equipe`
--

INSERT INTO `equipe` (`id_equipe`, `nom_equipe`, `adresse_equipe`) VALUES
(1, 'AS_PIKINE', 'PIKINE'),
(2, 'CASA_SPORTS', 'ZIGUINCHOR'),
(3, 'JAMBAR', 'MBOUR'),
(4, 'ASC DEGGO', 'MARISTE'),
(5, 'AS_KEURMASSAR', 'KEUR_MASSAR'),
(6, 'AS_NIARRYTALLY', 'DAKAR'),
(7, 'LEER_GUI', 'DAKAR'),
(8, 'ASC_JAPPO_SAHM', 'GUEDIAWAYE'),
(9, 'GUINAW_RAIL', 'PIKINE'),
(10, 'DIACK_SAO2', 'DIAMAGUENE'),
(11, 'REVEIL', 'DAGANA'),
(12, 'ODB', 'LINGUERE'),
(13, 'DSC', 'SACRE_COEUR'),
(14, 'LEBOU_GUI', 'RUFISQUE'),
(15, 'EGF', 'FATICK'),
(16, 'SONATELACADEMY', 'DAKAR');

-- --------------------------------------------------------

--
-- Structure de la table `jouer`
--

CREATE TABLE `jouer` (
  `id_matchs` int(11) NOT NULL,
  `id_licence` int(11) NOT NULL,
  `commentaire` varchar(200) NOT NULL
) ENGINE=InnoDB DEFAULT CHARSET=latin1;

--
-- Déchargement des données de la table `jouer`
--

INSERT INTO `jouer` (`id_matchs`, `id_licence`, `commentaire`) VALUES
(1, 1, 'titulaire'),
(1, 2, 'remplacant'),
(1, 3, 'titulaire'),
(1, 4, 'titulaire'),
(1, 5, 'titulaire'),
(1, 6, 'titulaire (entree 56)'),
(1, 7, 'remplacant (entree 56)'),
(1, 8, 'titulaire'),
(1, 9, 'titulaire'),
(1, 10, 'titulaire'),
(1, 11, 'titulaire'),
(1, 12, 'titulaire'),
(1, 13, 'titulaire (entree 73)'),
(1, 14, 'remplacant (entree 73)'),
(1, 15, 'remplacant'),
(1, 16, 'titulaire'),
(1, 17, 'remplacant'),
(1, 18, 'titulaire'),
(1, 19, 'titulaire'),
(1, 20, 'titulaire'),
(1, 21, 'titulaire'),
(1, 22, 'remplacant'),
(1, 23, 'titulaire'),
(1, 24, 'titulaire'),
(1, 25, 'titulaire'),
(1, 26, 'titulaire'),
(1, 27, 'titulaire'),
(1, 28, 'titulaire (entree 83)'),
(1, 29, 'remplacant (entree 83)'),
(1, 30, 'remplacant'),
(2, 31, 'titulaire'),
(2, 32, 'remplacant'),
(2, 33, 'titulaire'),
(2, 34, 'titulaire'),
(2, 35, 'titulaire'),
(2, 36, 'titulaire (entree 61)'),
(2, 37, 'remplacant (entree 61)'),
(2, 38, 'titulaire'),
(2, 39, 'titulaire'),
(2, 40, 'titulaire'),
(2, 41, 'titulaire'),
(2, 42, 'titulaire'),
(2, 43, 'titulaire (entree 69)'),
(2, 44, 'remplacant (entree 69)'),
(2, 45, 'remplacant'),
(2, 46, 'remplacant'),
(2, 47, 'titulaire'),
(2, 48, 'titulaire'),
(2, 49, 'titulaire'),
(2, 50, 'titulaire'),
(2, 51, 'titulaire (sortie 16)'),
(2, 52, 'remplacant (entree 16)'),
(2, 53, 'titulaire'),
(2, 54, 'titulaire'),
(2, 55, 'titulaire (sortie 45)'),
(2, 56, 'titulaire'),
(2, 57, 'titulaire'),
(2, 58, 'titulaire (entree 88)'),
(2, 59, 'remplacant'),
(2, 60, 'remplacant (entree 88)'),
(3, 91, 'remplacant'),
(3, 92, 'titulaire'),
(3, 93, 'titulaire'),
(3, 94, 'titulaire (sortie 75)'),
(3, 95, 'titulaire'),
(3, 96, 'titulaire'),
(3, 97, 'titulaire(sortie 55)'),
(3, 98, 'remplacant'),
(3, 99, 'titulaire'),
(3, 100, 'titulaire'),
(3, 101, 'titulaire'),
(3, 102, 'remplacant(entree 75)'),
(3, 103, 'remplacant(entree 55)'),
(3, 104, 'titulaire'),
(3, 105, 'titulaire'),
(3, 106, 'remplacant'),
(3, 107, 'titulaire'),
(3, 108, 'titulaire'),
(3, 109, 'titulaire (sortie 65)'),
(3, 110, 'titulaire'),
(3, 111, 'titulaire'),
(3, 112, 'titulaire(sortie 89)'),
(3, 113, 'remplacant'),
(3, 114, 'titulaire'),
(3, 115, 'titulaire'),
(3, 116, 'titulaire'),
(3, 117, 'remplacant(entree 65)'),
(3, 118, 'remplacant(entree 89)'),
(3, 119, 'titulaire'),
(3, 120, 'titulaire'),
(4, 61, 'remplacant'),
(4, 62, 'titulaire'),
(4, 63, 'titulaire'),
(4, 64, 'titulaire (sortie 77)'),
(4, 65, 'titulaire'),
(4, 66, 'titulaire'),
(4, 67, 'titulaire(sortie 29)'),
(4, 68, 'remplacant'),
(4, 69, 'titulaire'),
(4, 70, 'titulaire'),
(4, 71, 'titulaire'),
(4, 72, 'remplacant(entree 29)'),
(4, 73, 'remplacant(entree 77)'),
(4, 74, 'titulaire'),
(4, 75, 'titulaire'),
(4, 76, 'remplacant'),
(4, 77, 'titulaire'),
(4, 78, 'titulaire'),
(4, 79, 'titulaire (sortie 45)'),
(4, 80, 'titulaire'),
(4, 81, 'titulaire'),
(4, 82, 'titulaire(sortie 66)'),
(4, 83, 'remplacant'),
(4, 84, 'titulaire'),
(4, 85, 'titulaire'),
(4, 86, 'titulaire'),
(4, 87, 'remplacant(entree 66)'),
(4, 88, 'remplacant(entree 45)'),
(4, 89, 'titulaire'),
(4, 90, 'titulaire'),
(5, 151, 'remplacant'),
(5, 152, 'titulaire'),
(5, 153, 'titulaire'),
(5, 154, 'titulaire'),
(5, 155, 'remplacant'),
(5, 156, 'titulaire'),
(5, 157, 'titulaire'),
(5, 158, 'titulaire'),
(5, 159, 'remplacant'),
(5, 160, 'titulaire'),
(5, 161, 'titulaire'),
(5, 162, 'titulaire'),
(5, 163, 'titulaire(sortie à 70mn) '),
(5, 164, 'titulaire'),
(5, 165, 'remplacant(entree à 70mn)'),
(5, 166, 'titulaire'),
(5, 167, 'remplacant'),
(5, 168, 'titulaire'),
(5, 169, 'titulaire'),
(5, 170, 'remplacant'),
(5, 171, 'titulaire'),
(5, 172, 'titulaire'),
(5, 173, 'remplacant(entree à 79mn)'),
(5, 174, 'titulaire(sortie à 79mn) '),
(5, 175, 'titulaire'),
(5, 176, 'titulaire'),
(5, 177, 'titulaire'),
(5, 178, 'remplacant(entree à 83mn)'),
(5, 179, 'titulaire(sortie à 83mn) '),
(5, 180, 'titulaire'),
(6, 121, 'titulaire(sortie à 60mn) '),
(6, 122, 'remplacant(entree à 60mn)'),
(6, 123, 'titulaire'),
(6, 124, 'remplacant'),
(6, 125, 'titulaire'),
(6, 126, 'titulaire'),
(6, 127, 'titulaire'),
(6, 128, 'titulaire'),
(6, 129, 'titulaire'),
(6, 130, 'remplacant'),
(6, 131, 'titulaire'),
(6, 132, 'remplacant'),
(6, 133, 'titulaire'),
(6, 134, 'titulaire'),
(6, 135, 'titulaire'),
(6, 136, 'titulaire'),
(6, 137, 'remplacant'),
(6, 138, 'titulaire'),
(6, 139, 'titulaire'),
(6, 140, 'titulaire'),
(6, 141, 'titulaire'),
(6, 142, 'remplacant'),
(6, 143, 'titulaire'),
(6, 144, 'titulaire'),
(6, 145, 'remplacant'),
(6, 146, 'titulaire'),
(6, 147, 'titulaire'),
(6, 148, 'titulaire'),
(6, 149, 'remplacant'),
(6, 150, 'titulaire'),
(7, 196, 'titulaire'),
(7, 197, 'remplacant'),
(7, 198, 'titulaire'),
(7, 199, 'titulaire'),
(7, 200, 'titulaire'),
(7, 201, 'remplacant'),
(7, 202, 'titulaire'),
(7, 203, 'titulaire'),
(7, 204, 'titulaire'),
(7, 205, 'remplacant(entree à 45mn)'),
(7, 206, 'titulaire'),
(7, 207, 'titulaire(sortie à 45mn) '),
(7, 208, 'titulaire'),
(7, 209, 'remplacant(entree à 75mn)'),
(7, 210, 'titulaire(sortie à 75mn) '),
(7, 226, 'titulaire'),
(7, 227, 'remplacant'),
(7, 228, 'titulaire'),
(7, 229, 'titulaire'),
(7, 230, 'titulaire'),
(7, 231, 'remplacant(entree à 85mn)'),
(7, 232, 'titulaire'),
(7, 233, 'titulaire'),
(7, 234, 'titulaire(sortie à 85mn) '),
(7, 235, 'titulaire'),
(7, 236, 'remplacant'),
(7, 237, 'titulaire'),
(7, 238, 'titulaire'),
(7, 239, 'remplacant(entree à 48mn)'),
(7, 240, 'titulaire(sortie à 48mn) '),
(8, 181, 'titulaire(sortie à 45mn) '),
(8, 182, 'remplacant(entree à 45mn)'),
(8, 183, 'titulaire'),
(8, 184, 'titulaire'),
(8, 185, 'titulaire'),
(8, 186, 'remplacant'),
(8, 187, 'titulaire'),
(8, 188, 'titulaire'),
(8, 189, 'remplacant'),
(8, 190, 'titulaire(sortie à 75mn) '),
(8, 191, 'titulaire'),
(8, 192, 'titulaire'),
(8, 193, 'remplacant(entree à 75mn)'),
(8, 194, 'titulaire'),
(8, 195, 'titulaire'),
(8, 211, 'titulaire'),
(8, 212, 'remplacant'),
(8, 213, 'titulaire'),
(8, 214, 'titulaire'),
(8, 215, 'titulaire'),
(8, 216, 'remplacant'),
(8, 217, 'titulaire'),
(8, 218, 'titulaire'),
(8, 219, 'remplacant(entree à 65mn)'),
(8, 220, 'titulaire'),
(8, 221, 'titulaire'),
(8, 222, 'titulaire'),
(8, 223, 'titulaire'),
(8, 224, 'remplacant'),
(8, 225, 'titulaire(sortie à 65mn) '),
(9, 1, 'remplacant'),
(9, 2, 'titulaire'),
(9, 3, 'titulaire'),
(9, 4, 'titulaire'),
(9, 5, 'remplacant'),
(9, 6, 'titulaire'),
(9, 7, 'titulaire'),
(9, 8, 'titulaire'),
(9, 9, 'remplacant'),
(9, 10, 'titulaire'),
(9, 11, 'titulaire'),
(9, 12, 'titulaire'),
(9, 13, 'titulaire(sortie à 70mn) '),
(9, 14, 'titulaire'),
(9, 15, 'remplacant(entree à 70mn)'),
(9, 31, 'titulaire'),
(9, 32, 'remplacant'),
(9, 33, 'titulaire'),
(9, 34, 'titulaire'),
(9, 35, 'remplacant'),
(9, 36, 'titulaire'),
(9, 37, 'titulaire'),
(9, 38, 'remplacant(entree à 79mn)'),
(9, 39, 'titulaire(sortie à 79mn) '),
(9, 40, 'titulaire'),
(9, 41, 'titulaire'),
(9, 42, 'titulaire'),
(9, 43, 'remplacant(entree à 83mn)'),
(9, 44, 'titulaire(sortie à 83mn) '),
(9, 45, 'titulaire'),
(10, 16, 'titulaire'),
(10, 17, 'remplacant'),
(10, 18, 'titulaire'),
(10, 19, 'titulaire'),
(10, 20, 'titulaire'),
(10, 21, 'titulaire'),
(10, 22, 'remplacant'),
(10, 23, 'titulaire'),
(10, 24, 'titulaire'),
(10, 25, 'remplacant'),
(10, 26, 'titulaire'),
(10, 27, 'titulaire'),
(10, 28, 'titulaire'),
(10, 29, 'remplacant'),
(10, 30, 'titulaire'),
(10, 46, 'titulaire(sortie à 60mn) '),
(10, 47, 'remplacant(entree à 60mn)'),
(10, 48, 'titulaire'),
(10, 49, 'remplacant'),
(10, 50, 'titulaire'),
(10, 51, 'titulaire'),
(10, 52, 'titulaire'),
(10, 53, 'titulaire'),
(10, 54, 'titulaire'),
(10, 55, 'remplacant'),
(10, 56, 'titulaire'),
(10, 57, 'remplacant'),
(10, 58, 'titulaire'),
(10, 59, 'titulaire'),
(10, 60, 'titulaire'),
(11, 76, 'titulaire'),
(11, 77, 'remplacant'),
(11, 78, 'titulaire'),
(11, 79, 'titulaire'),
(11, 80, 'titulaire'),
(11, 81, 'remplacant(entree à 85mn)'),
(11, 82, 'titulaire'),
(11, 83, 'titulaire'),
(11, 84, 'titulaire(sortie à 85mn) '),
(11, 85, 'titulaire'),
(11, 86, 'remplacant'),
(11, 87, 'titulaire'),
(11, 88, 'titulaire'),
(11, 89, 'remplacant(entree à 48mn)'),
(11, 90, 'titulaire(sortie à 48mn) '),
(11, 91, 'titulaire'),
(11, 92, 'remplacant'),
(11, 93, 'titulaire'),
(11, 94, 'titulaire'),
(11, 95, 'titulaire'),
(11, 96, 'remplacant'),
(11, 97, 'titulaire'),
(11, 98, 'titulaire'),
(11, 99, 'titulaire'),
(11, 100, 'remplacant(entree à 45mn)'),
(11, 101, 'titulaire'),
(11, 102, 'titulaire(sortie à 45mn) '),
(11, 103, 'titulaire'),
(11, 104, 'remplacant(entree à 75mn)'),
(11, 105, 'titulaire(sortie à 75mn) '),
(12, 61, 'titulaire'),
(12, 62, 'remplacant'),
(12, 63, 'titulaire'),
(12, 64, 'titulaire'),
(12, 65, 'titulaire'),
(12, 66, 'remplacant'),
(12, 67, 'titulaire'),
(12, 68, 'titulaire'),
(12, 69, 'remplacant(entree à 65mn)'),
(12, 70, 'titulaire'),
(12, 71, 'titulaire'),
(12, 72, 'titulaire'),
(12, 73, 'titulaire'),
(12, 74, 'remplacant'),
(12, 75, 'titulaire(sortie à 65mn) '),
(12, 106, 'titulaire(sortie à 45mn) '),
(12, 107, 'remplacant(entree à 45mn)'),
(12, 108, 'titulaire'),
(12, 109, 'titulaire'),
(12, 110, 'titulaire'),
(12, 111, 'remplacant'),
(12, 112, 'titulaire'),
(12, 113, 'titulaire'),
(12, 114, 'remplacant'),
(12, 115, 'titulaire(sortie à 75mn) '),
(12, 116, 'titulaire'),
(12, 117, 'titulaire'),
(12, 118, 'remplacant(entree à 75mn)'),
(12, 119, 'titulaire'),
(12, 120, 'titulaire'),
(13, 121, 'Titulaire'),
(13, 122, 'Remplacant'),
(13, 123, 'Titulaire'),
(13, 124, 'Titulaire'),
(13, 125, 'Titulaire (sortie 70 min)'),
(13, 126, 'Remplacant ( entree 70 min)'),
(13, 127, 'Titulaire'),
(13, 128, 'Titulaire'),
(13, 129, 'Titulaire'),
(13, 130, 'Titulaire'),
(13, 131, 'Remplacant'),
(13, 132, 'Titulaire'),
(13, 133, 'Titulaire'),
(13, 134, 'Titulaire (sortie 87 min)'),
(13, 135, 'Remplacant ( entree 87 min)'),
(13, 151, 'Titulaire(sortie 15 min)'),
(13, 152, 'Remplacant(entree 15 min)'),
(13, 153, 'Titulaire'),
(13, 154, 'Titulaire'),
(13, 155, 'Titulaire'),
(13, 156, 'Remplacant'),
(13, 157, 'Titulaire'),
(13, 158, 'Titulaire(sortie 65 min)'),
(13, 159, 'Titulaire'),
(13, 160, 'Titulaire'),
(13, 161, 'Remplacant( entree 65 min)'),
(13, 162, 'Titulaire'),
(13, 163, 'Titulaire'),
(13, 164, 'Titulaire(sortie 75 min)'),
(13, 165, 'Remplacant( entree 75 min)'),
(14, 136, 'Remplacant'),
(14, 137, 'Titulaire'),
(14, 138, 'Titulaire'),
(14, 139, 'Titulaire'),
(14, 140, 'Titulaire'),
(14, 141, 'Titulaire'),
(14, 142, 'Remplacant ( entree 65 min)'),
(14, 143, 'Titulaire (sortie 65 min)'),
(14, 144, 'Titulaire'),
(14, 145, 'Titulaire'),
(14, 146, 'Remplacant'),
(14, 147, 'Titulaire'),
(14, 148, 'Titulaire (sortie 85 min)'),
(14, 149, 'Titulaire'),
(14, 150, 'Remplacant ( entree 85 min)'),
(14, 166, 'Titulaire'),
(14, 167, 'Remplaçant'),
(14, 168, 'Titulaire'),
(14, 169, 'Titulaire'),
(14, 170, 'Titulaire'),
(14, 171, 'Remplacant'),
(14, 172, 'Titulaire'),
(14, 173, 'Titulaire'),
(14, 174, 'Titulaire'),
(14, 175, 'Titulaire'),
(14, 176, 'Remplacant'),
(14, 177, 'Titulaire'),
(14, 178, 'Titulaire'),
(14, 179, 'Titulaire'),
(14, 180, 'Remplacant'),
(15, 196, 'Titulaire (sortie 55 min)'),
(15, 197, 'Remplaçant (entree 55 min)'),
(15, 198, 'Titulaire'),
(15, 199, 'Titulaire'),
(15, 200, 'Titulaire'),
(15, 201, 'Remplacant'),
(15, 202, 'Titulaire'),
(15, 203, 'Titulaire'),
(15, 204, 'Titulaire (sortie 75 min)'),
(15, 205, 'Titulaire'),
(15, 206, 'Remplacant ( entree 75 min)'),
(15, 207, 'Titulaire'),
(15, 208, 'Titulaire'),
(15, 209, 'Titulaire'),
(15, 210, 'Remplacant'),
(15, 211, 'Titulaire (sortie 7 min)'),
(15, 212, 'Remplaçant (entree 7 min)'),
(15, 213, 'Titulaire'),
(15, 214, 'Titulaire'),
(15, 215, 'Titulaire'),
(15, 216, 'Remplacant'),
(15, 217, 'Titulaire'),
(15, 218, 'Titulaire'),
(15, 219, 'Titulaire'),
(15, 220, 'Titulaire'),
(15, 221, 'Remplacant'),
(15, 222, 'Titulaire (sortie 88 min)'),
(15, 223, 'Titulaire'),
(15, 224, 'Titulaire'),
(15, 225, 'Remplacant ( entree 88 min)'),
(16, 181, 'Titulaire'),
(16, 182, 'Remplaçant'),
(16, 183, 'Titulaire (sortie 15 min)'),
(16, 184, 'Titulaire'),
(16, 185, 'Titulaire'),
(16, 186, 'Remplacant ( entree 15 min)'),
(16, 187, 'Titulaire'),
(16, 188, 'Titulaire (sortie 35 min)'),
(16, 189, 'Titulaire'),
(16, 190, 'Titulaire'),
(16, 191, 'Remplacant ( entree 35 min)'),
(16, 192, 'Titulaire'),
(16, 193, 'Titulaire'),
(16, 194, 'Titulaire'),
(16, 195, 'Remplacant'),
(16, 226, 'Titulaire'),
(16, 227, 'Remplaçant'),
(16, 228, 'Titulaire'),
(16, 229, 'Titulaire'),
(16, 230, 'Titulaire'),
(16, 231, 'Remplacant'),
(16, 232, 'Titulaire'),
(16, 233, 'Titulaire'),
(16, 234, 'Titulaire'),
(16, 235, 'Titulaire (sortie 65 min)'),
(16, 236, 'Remplacant ( entree 65 min)'),
(16, 237, 'Titulaire'),
(16, 238, 'Titulaire (sortie 35 min)'),
(16, 239, 'Titulaire'),
(16, 240, 'Remplacant ( entree 35 min)'),
(17, 1, 'titulaire'),
(17, 2, 'remplacant'),
(17, 3, 'titulaire'),
(17, 4, 'titulaire'),
(17, 5, 'titulaire'),
(17, 6, 'titulaire'),
(17, 7, 'titulaire (sortie a la 78 min)'),
(17, 8, 'titulaire'),
(17, 9, 'titulaire'),
(17, 10, 'titulaire'),
(17, 11, 'titulaire'),
(17, 12, 'titulaire'),
(17, 13, 'remplacant (entree a la 78 min)'),
(17, 14, 'remplacant'),
(17, 15, 'remplacant'),
(17, 46, 'remplacant'),
(17, 47, 'titulaire'),
(17, 48, 'titulaire'),
(17, 49, 'titulaire'),
(17, 50, 'titulaire'),
(17, 51, 'titulaire'),
(17, 52, 'titulaire'),
(17, 53, 'titulaire'),
(17, 54, 'titulaire'),
(17, 55, 'titulaire'),
(17, 56, 'titulaire'),
(17, 57, 'titulaire'),
(17, 58, 'remplacant'),
(17, 59, 'remplacant'),
(17, 60, 'remplacant'),
(18, 16, 'remplacant'),
(18, 17, 'titulaire'),
(18, 18, 'titulaire'),
(18, 19, 'titulaire'),
(18, 20, 'titulaire'),
(18, 21, 'titulaire'),
(18, 22, 'titulaire'),
(18, 23, 'titulaire'),
(18, 24, 'titulaire'),
(18, 25, 'titulaire'),
(18, 26, 'titulaire'),
(18, 27, 'titulaire'),
(18, 28, 'Remplacant  '),
(18, 29, 'remplacant'),
(18, 30, 'Remplacant '),
(18, 31, 'titulaire'),
(18, 32, 'remplacant'),
(18, 33, 'titulaire'),
(18, 34, 'titulaire'),
(18, 35, 'titulaire (sortie a la 56 min)'),
(18, 36, 'titulaire'),
(18, 37, 'titulaire (sortie a la 65 min)'),
(18, 38, 'titulaire'),
(18, 39, 'titulaire'),
(18, 40, 'titulaire'),
(18, 41, 'titulaire'),
(18, 42, 'titulaire'),
(18, 43, 'Remplacan (entree a la 56 min) '),
(18, 44, 'remplacant'),
(18, 45, 'remplacant (entree a la 65 min)'),
(19, 61, 'titulaire'),
(19, 62, 'remplacant'),
(19, 63, 'titulaire'),
(19, 64, 'titulaire'),
(19, 65, 'titulaire (sortie a la 56 min)'),
(19, 66, 'titulaire'),
(19, 67, 'titulaire (sortie a la 65 min)'),
(19, 68, 'titulaire'),
(19, 69, 'titulaire'),
(19, 70, 'titulaire'),
(19, 71, 'titulaire'),
(19, 72, 'titulaire'),
(19, 73, 'Remplacan (entree a la 56 min) '),
(19, 74, 'remplacant'),
(19, 75, 'remplacant (entree a la 65 min)'),
(19, 91, 'titulaire'),
(19, 92, 'remplacant'),
(19, 93, 'titulaire'),
(19, 94, 'titulaire'),
(19, 95, 'titulaire (sortie a la 49 min)'),
(19, 96, 'titulaire'),
(19, 97, 'titulaire (sortie a la 80 min)'),
(19, 98, 'titulaire'),
(19, 99, 'titulaire'),
(19, 100, 'titulaire'),
(19, 101, 'titulaire'),
(19, 102, 'titulaire'),
(19, 103, 'Remplacan (entree a la 49 min) '),
(19, 104, 'remplacant'),
(19, 105, 'remplacant (entree a la 80 min)'),
(20, 76, 'titulaire'),
(20, 77, 'remplacant'),
(20, 78, 'titulaire'),
(20, 79, 'titulaire'),
(20, 80, 'titulaire (sortie a la 30ieme seconde )'),
(20, 81, 'titulaire'),
(20, 82, 'titulaire (sortie a la 15 min)'),
(20, 83, 'titulaire'),
(20, 84, 'titulaire'),
(20, 85, 'titulaire'),
(20, 86, 'titulaire'),
(20, 87, 'titulaire'),
(20, 88, 'Remplacan (entree a la 30 iem second ) '),
(20, 89, 'remplacant'),
(20, 90, 'remplacant (entree a la 15 min)'),
(20, 106, 'titulaire'),
(20, 107, 'remplacant'),
(20, 108, 'titulaire'),
(20, 109, 'titulaire'),
(20, 110, 'titulaire (sortie a la 95 min)'),
(20, 111, 'titulaire'),
(20, 112, 'titulaire (sortie a la 15 min/ blesse)'),
(20, 113, 'titulaire'),
(20, 114, 'titulaire'),
(20, 115, 'titulaire'),
(20, 116, 'titulaire'),
(20, 117, 'titulaire'),
(20, 118, 'Remplacan (entree a la 95 min) '),
(20, 119, 'remplacant'),
(20, 120, 'remplacant (entree a la 15 min)'),
(21, 136, 'Titulaire'),
(21, 137, 'Remplacant'),
(21, 138, 'Titulaire'),
(21, 139, 'Titulaire'),
(21, 140, 'Titulaire'),
(21, 141, 'Titulaire(Sortie à la 46ieme mn)'),
(21, 142, 'Remplacant(Entré à la 46ieme mn)'),
(21, 143, 'Titulaire'),
(21, 144, 'Titulaire'),
(21, 145, 'Titulaire'),
(21, 146, 'Titulaire'),
(21, 147, 'Titulaire'),
(21, 148, 'Titulaire'),
(21, 149, 'Remplacant'),
(21, 150, 'Remplacant'),
(21, 151, 'Titulaire'),
(21, 152, 'Remplacant'),
(21, 153, 'Titulaire'),
(21, 154, 'Titulaire'),
(21, 155, 'Titulaire'),
(21, 156, 'Titulaire'),
(21, 157, 'Remplacant'),
(21, 158, 'Titulaire'),
(21, 159, 'Titulaire'),
(21, 160, 'Titulaire'),
(21, 161, 'Titulaire'),
(21, 162, 'Titulaire'),
(21, 163, 'Titulaire'),
(21, 164, 'Remplacant'),
(21, 165, 'Remplacant'),
(22, 121, 'Titulaire'),
(22, 122, 'Remplacant'),
(22, 123, 'Titulaire'),
(22, 124, 'Titulaire'),
(22, 125, 'Titulaire'),
(22, 126, 'Titulaire'),
(22, 127, 'Remplacant'),
(22, 128, 'Titulaire'),
(22, 129, 'Titulaire'),
(22, 130, 'Titulaire'),
(22, 131, 'Titulaire'),
(22, 132, 'Titulaire'),
(22, 133, 'Titulaire'),
(22, 134, 'Remplacant'),
(22, 135, 'Remplacant'),
(22, 166, 'Titulaire'),
(22, 167, 'Remplacant'),
(22, 168, 'Titulaire'),
(22, 169, 'Titulaire'),
(22, 170, 'Titulaire(Sortie à la 56ieme mn)'),
(22, 171, 'Titulaire'),
(22, 172, 'Remplacant(entré à la 56ieme mn)'),
(22, 173, 'Titulaire'),
(22, 174, 'Titulaire'),
(22, 175, 'Titulaire'),
(22, 176, 'Titulaire'),
(22, 177, 'Titulaire'),
(22, 178, 'Titulaire'),
(22, 179, 'Remplacant'),
(22, 180, 'Remplacant'),
(23, 181, 'Titulaire'),
(23, 182, 'Remplacant'),
(23, 183, 'Titulaire'),
(23, 184, 'Titulaire'),
(23, 185, 'Titulaire'),
(23, 186, 'Titulaire'),
(23, 187, 'Remplacant'),
(23, 188, 'Titulaire'),
(23, 189, 'Titulaire'),
(23, 190, 'Titulaire(sortie à la 76ieme mn)'),
(23, 191, 'Titulaire'),
(23, 192, 'Titulaire'),
(23, 193, 'Titulaire'),
(23, 194, 'Remplacant(Entré à la 76ieme mn)'),
(23, 195, 'Remplacant'),
(23, 196, 'Titulaire'),
(23, 197, 'Remplacant'),
(23, 198, 'Titulaire'),
(23, 199, 'Titulaire'),
(23, 200, 'Titulaire'),
(23, 201, 'Titulaire'),
(23, 202, 'Remplacant'),
(23, 203, 'Titulaire'),
(23, 204, 'Titulaire'),
(23, 205, 'Titulaire'),
(23, 206, 'Titulaire'),
(23, 207, 'Titulaire'),
(23, 208, 'Titulaire'),
(23, 209, 'Remplacant'),
(23, 210, 'Remplacant'),
(24, 211, 'Titulaire'),
(24, 212, 'Remplacant'),
(24, 213, 'Titulaire'),
(24, 214, 'Titulaire'),
(24, 215, 'Titulaire'),
(24, 216, 'Titulaire'),
(24, 217, 'Remplacant'),
(24, 218, 'Titulaire'),
(24, 219, 'Titulaire'),
(24, 220, 'Titulaire'),
(24, 221, 'Titulaire'),
(24, 222, 'Titulaire'),
(24, 223, 'Titulaire'),
(24, 224, 'Remplacant'),
(24, 225, 'Remplacant'),
(24, 226, 'Titulaire'),
(24, 227, 'Remplacant'),
(24, 228, 'Titulaire'),
(24, 229, 'Titulaire'),
(24, 230, 'Titulaire'),
(24, 231, 'Titulaire'),
(24, 232, 'Remplacant'),
(24, 233, 'Titulaire'),
(24, 234, 'Titulaire'),
(24, 235, 'Titulaire'),
(24, 236, 'Titulaire'),
(24, 237, 'Titulaire'),
(24, 238, 'Titulaire'),
(24, 239, 'Remplacant'),
(24, 240, 'Remplacant'),
(25, 31, 'Titulaire'),
(25, 32, 'Remplaçant'),
(25, 33, 'Titulaire'),
(25, 34, 'Titulaire'),
(25, 35, 'Titulaire'),
(25, 36, 'Titulaire'),
(25, 37, 'Titulaire'),
(25, 38, 'Titulaire(Sortie à la 35 min)'),
(25, 39, 'Titulaire(Sortie à la 46 min)'),
(25, 40, 'Remplaçant(Entrée à la 35 min)'),
(25, 41, 'Remplaçant(Entrée à la 46 min)'),
(25, 42, 'Titulaire'),
(25, 43, 'Titulaire'),
(25, 44, 'Titulaire(Sortie à la 81 min)'),
(25, 45, 'Remplaçant(Entrée à la 81 min)'),
(25, 76, 'Titulaire'),
(25, 77, 'Remplaçant'),
(25, 78, 'Titulaire'),
(25, 79, 'Titulaire'),
(25, 80, 'Titulaire'),
(25, 81, 'Titulaire(Sortie à la 22 min car bléssé)'),
(25, 82, 'Remplaçant(Entrée à la 22 min)'),
(25, 83, 'Titulaire'),
(25, 84, 'Titulaire(Sortie à la 63 min)'),
(25, 85, 'Titulaire(Sortie à la 59 min par carton rouge)'),
(25, 86, 'Remplaçant(Entrée à la 63 min)'),
(25, 87, 'Titulaire'),
(25, 88, 'Titulaire'),
(25, 89, 'Titulaire(Sortie à la 82 min)'),
(25, 90, 'Remplaçant(Entrée à la 82 min)'),
(26, 46, 'Titulaire'),
(26, 47, 'Remplaçant'),
(26, 48, 'Titulaire'),
(26, 49, 'Titulaire'),
(26, 50, 'Titulaire'),
(26, 51, 'Titulaire'),
(26, 52, 'Titulaire'),
(26, 53, 'Titulaire'),
(26, 54, 'Titulaire'),
(26, 55, 'Titulaire'),
(26, 56, 'Titulaire'),
(26, 57, 'Titulaire'),
(26, 58, 'Remplaçant'),
(26, 59, 'Remplaçant'),
(26, 60, 'Remplaçant'),
(26, 61, 'Titulaire'),
(26, 62, 'Remplaçant'),
(26, 63, 'Titulaire'),
(26, 64, 'Titulaire'),
(26, 65, 'Titulaire'),
(26, 66, 'Titulaire(Sortie à la 67 min car bléssé)'),
(26, 67, 'Remplaçant(Entrée à la 67 min)'),
(26, 68, 'Titulaire'),
(26, 69, 'Titulaire'),
(26, 70, 'Titulaire'),
(26, 71, 'Titulaire'),
(26, 72, 'Titulaire'),
(26, 73, 'Titulaire'),
(26, 74, 'Remplaçant'),
(26, 75, 'Remplaçant'),
(27, 121, 'Titulaire'),
(27, 122, 'Remplaçant'),
(27, 123, 'Titulaire'),
(27, 124, 'Titulaire'),
(27, 125, 'Titulaire'),
(27, 126, 'Titulaire'),
(27, 127, 'Titulaire'),
(27, 128, 'Titulaire'),
(27, 129, 'Titulaire(Sortie à la 37)'),
(27, 130, 'Remplaçant(Entrée à la 37 min)'),
(27, 131, 'Titulaire(Sortie à la 37 min)'),
(27, 132, 'Remplaçant(Entrée à la 37 min)'),
(27, 133, 'Titulaire(Sortie à la 89 min car bléssé)'),
(27, 134, 'Remplaçant(Entrée à la 89 min)'),
(27, 135, 'Titulaire'),
(27, 196, 'Titulaire(Sortie à la 88 min car bléssé)'),
(27, 197, 'Remplaçant(Entrée à la 88 min)'),
(27, 198, 'Titulaire'),
(27, 199, 'Titulaire'),
(27, 200, 'Remplaçant'),
(27, 201, 'Titulaire'),
(27, 202, 'Titulaire(Sortie à la 52 min)'),
(27, 203, 'Remplaçant(Entrée à la 52 min)'),
(27, 204, 'Titulaire'),
(27, 205, 'Titulaire'),
(27, 206, 'Titulaire'),
(27, 207, 'Titulaire'),
(27, 208, 'Titulaire(Sortie à la 16 min)'),
(27, 209, 'Remplaçant(Entrée à la 16 min)'),
(27, 210, 'Titulaire'),
(28, 136, 'Titulaire'),
(28, 137, 'Remplaçant'),
(28, 138, 'Titulaire'),
(28, 139, 'Titulaire'),
(28, 140, 'Titulaire(Sortie à la 16 min)'),
(28, 141, 'Remplaçant(Entrée à la 16 min)'),
(28, 142, 'Titulaire'),
(28, 143, 'Titulaire'),
(28, 144, 'Titulaire(Sortie à la 52 min)'),
(28, 145, 'Remplaçant(Entrée à la 52 min)'),
(28, 146, 'Titulaire'),
(28, 147, 'Titulaire'),
(28, 148, 'Titulaire(Sortie à la 83 min)'),
(28, 149, 'Remplaçant(Entrée à la 83 min)'),
(28, 150, 'Titulaire'),
(28, 181, 'Titulaire'),
(28, 182, 'Remplaçant'),
(28, 183, 'Titulaire'),
(28, 184, 'Titulaire'),
(28, 185, 'Titulaire'),
(28, 186, 'Titulaire'),
(28, 187, 'Titulaire'),
(28, 188, 'Titulaire'),
(28, 189, 'Titulaire'),
(28, 190, 'Titulaire'),
(28, 191, 'Titulaire'),
(28, 192, 'Titulaire'),
(28, 193, 'Remplaçant'),
(28, 194, 'Remplaçant'),
(28, 195, 'Remplaçant'),
(29, 31, 'remplaçant'),
(29, 32, 'titulaire'),
(29, 33, 'titulaire et sorti a la 70emn'),
(29, 34, 'titulaire'),
(29, 35, 'titulaire'),
(29, 36, 'titulaire'),
(29, 37, 'remplaçant et entré a la 70mn'),
(29, 38, 'titulaire'),
(29, 39, 'titulaire'),
(29, 40, 'titulaire'),
(29, 41, 'titulaire'),
(29, 42, 'titulaire'),
(29, 43, 'titulaire'),
(29, 44, 'remplaçant'),
(29, 45, 'remplaçant'),
(29, 181, 'remplaçant'),
(29, 182, 'titulaire'),
(29, 183, 'titulaire'),
(29, 184, 'titulaire'),
(29, 185, 'titulaire'),
(29, 186, 'titulaire'),
(29, 187, 'remplaçant'),
(29, 188, 'titulaire'),
(29, 189, 'titulaire'),
(29, 190, 'titulaire et sorti a la 45mn'),
(29, 191, 'titulaire'),
(29, 192, 'titulaire'),
(29, 193, 'titulaire'),
(29, 194, 'remplacant et entre a la 45mn'),
(29, 195, 'remplaçant'),
(30, 46, 'remplaçant'),
(30, 47, 'titulaire'),
(30, 48, 'titulaire'),
(30, 49, 'titulaire'),
(30, 50, 'titulaire'),
(30, 51, 'titulaire'),
(30, 52, 'remplaçant'),
(30, 53, 'titulaire'),
(30, 54, 'titulaire'),
(30, 55, 'titulaire'),
(30, 56, 'titulaire'),
(30, 57, 'titulaire'),
(30, 58, 'titulaire'),
(30, 59, 'remplaçant'),
(30, 60, 'remplaçant'),
(30, 196, 'remplaçant'),
(30, 197, 'titulaire'),
(30, 198, 'titulaire'),
(30, 199, 'titulaire'),
(30, 200, 'titulaire'),
(30, 201, 'titulaire'),
(30, 202, 'remplaçant'),
(30, 203, 'titulaire'),
(30, 204, 'titulaire'),
(30, 205, 'titulaire'),
(30, 206, 'titulaire mais obtient un carton rouge'),
(30, 207, 'titulaire'),
(30, 208, 'titulaire'),
(30, 209, 'remplaçant'),
(30, 210, 'remplaçant'),
(31, 31, 'remplaçant'),
(31, 32, 'titulaire'),
(31, 33, 'titulaire'),
(31, 34, 'titulaire'),
(31, 35, 'titulaire'),
(31, 36, 'titulaire'),
(31, 37, 'remplaçant'),
(31, 38, 'titulaire'),
(31, 39, 'titulaire'),
(31, 40, 'titulaire'),
(31, 41, 'titulaire'),
(31, 42, 'titulaire'),
(31, 43, 'titulaire'),
(31, 44, 'remplaçant'),
(31, 45, 'remplaçant'),
(31, 196, 'remplaçant'),
(31, 197, 'titulaire'),
(31, 198, 'titulaire'),
(31, 199, 'titulaire'),
(31, 200, 'titulaire'),
(31, 201, 'titulaire'),
(31, 202, 'remplaçant'),
(31, 203, 'titulaire'),
(31, 204, 'titulaire'),
(31, 205, 'titulaire'),
(31, 206, 'titulaire'),
(31, 207, 'titulaire'),
(31, 208, 'titulaire'),
(31, 209, 'remplaçant'),
(31, 210, 'remplaçant'),
(32, 46, 'remplaçant'),
(32, 47, 'titulaire'),
(32, 48, 'titulaire'),
(32, 49, 'titulaire'),
(32, 50, 'titulaire'),
(32, 51, 'titulaire'),
(32, 52, 'remplaçant'),
(32, 53, 'titulaire et sorti a la 90e'),
(32, 54, 'titulaire'),
(32, 55, 'titulaire'),
(32, 56, 'titulaire'),
(32, 57, 'titulaire'),
(32, 58, 'titulaire'),
(32, 59, 'remplaçant et entré a la 90emn'),
(32, 60, 'remplaçant'),
(32, 181, 'remplaçant'),
(32, 182, 'titulaire'),
(32, 183, 'titulaire'),
(32, 184, 'titulaire'),
(32, 185, 'titulaire'),
(32, 186, 'titulaire'),
(32, 187, 'remplaçant'),
(32, 188, 'titulaire'),
(32, 189, 'titulaire'),
(32, 190, 'titulaire'),
(32, 191, 'titulaire et sorti a la 30mn sur blessure'),
(32, 192, 'titulaire'),
(32, 193, 'titulaire'),
(32, 194, 'remplaçant et entré a la 30 mn'),
(32, 195, 'remplaçant');

-- --------------------------------------------------------

--
-- Structure de la table `joueur`
--

CREATE TABLE `joueur` (
  `id_joueur` int(11) NOT NULL,
  `nom_joueur` varchar(100) NOT NULL,
  `date_naiss` date NOT NULL,
  `poste_joueur` varchar(100) NOT NULL
) ENGINE=InnoDB DEFAULT CHARSET=latin1;

--
-- Déchargement des données de la table `joueur`
--

INSERT INTO `joueur` (`id_joueur`, `nom_joueur`, `date_naiss`, `poste_joueur`) VALUES
(1, 'Didier Ovono', '1988-02-20', 'Gardien'),
(2, 'Yves Stéphane Moto', '1988-02-25', 'Gardien'),
(3, 'Lloyd Palun', '1991-05-17', 'Défenseur'),
(4, 'André Biyogho Poko', '1997-01-15', 'Défenseur'),
(5, 'Aaron Appindangoye', '1993-01-04', 'Défenseur'),
(6, 'Franck Obambou', '1997-10-12', 'Défenseur'),
(7, 'Bruno Ecuélé Manga', '1988-03-21', 'Défenseur'),
(8, 'Junior Serge Ngouali', '1988-03-26', 'Milieu'),
(9, 'Levy Clément Madinda', '1990-09-25', 'Milieu'),
(10, 'Guélor Kanga Kaku', '1991-02-02', 'Milieu'),
(11, 'Merlin Tandjigora', '1988-04-10', 'Milieu'),
(12, 'Didier Ibrahim Ndong', '1997-06-04', 'Milieu'),
(13, 'Pierre Emerick Aubameyang', '1995-08-09', 'Attaquant'),
(14, 'Malick Evouna', '1999-10-25', 'Attaquant'),
(15, 'Denis Athanase Bouanga', '1990-08-30', 'Attaquant'),
(16, 'Jonas Mendes', '1988-05-05', 'Gardien'),
(17, 'Rui Dabo', '1997-06-04', 'Gardien'),
(18, 'Emanuel Mendy', '1997-07-26', 'Défenseur'),
(19, 'Rudinilson Brito e Silva', '1991-11-25', 'Défenseur'),
(20, 'Juary Soares', '1990-06-13', 'Défenseur'),
(21, 'Agostinho Soares', '1997-03-18', 'Défenseur'),
(22, 'Mamadu Candé', '1992-02-01', 'Défenseur'),
(23, 'Nanisio Soares', '1991-01-07', 'Milieu'),
(24, 'Zezinho', '1988-03-01', 'Milieu'),
(25, 'Boucundji Ca', '1988-03-06', 'Milieu'),
(26, 'Tony Brito e Silva', '1991-03-26', 'Milieu'),
(27, 'Piqueti Brito', '1990-12-12', 'Milieu'),
(28, 'Joao Mario', '1997-04-13', 'Attaquant'),
(29, 'Abel Camara', '1991-11-15', 'Attaquant'),
(30, 'Aldair Baldé', '1996-09-06', 'Attaquant'),
(31, 'Moussa Germain Sanou', '1993-08-25', 'Gardien'),
(32, 'Hervé Koffi', '1988-03-11', 'Gardien'),
(33, 'Bakary Koné', '1988-03-16', 'Défenseur'),
(34, 'Issouf Paro', '1992-10-18', 'Défenseur'),
(35, 'Steeve Yago', '1991-07-08', 'Défenseur'),
(36, 'Souleymane Kouanda', '1996-09-09', 'Défenseur'),
(37, 'Yacouba Coulibaly', '1992-05-15', 'Défenseur'),
(38, 'Charles Kaboré', '1994-02-24', 'Milieu'),
(39, 'Préjuce Nacoulma', '1993-04-18', 'Milieu'),
(40, 'Alain Traoré', '1988-04-25', 'Milieu'),
(41, 'Bertrand Traoré', '1988-04-30', 'Milieu'),
(42, 'Cyrille Bayala', '1992-02-27', 'Milieu'),
(43, 'Jonathan Pitroïpa', '1991-12-11', 'Attaquant'),
(44, 'Aristide Bancé', '1996-09-13', 'Attaquant'),
(45, 'Banou Diawara', '1993-03-23', 'Attaquant'),
(46, 'Fabrice Ondoa', '1992-08-01', 'Gardien'),
(47, 'Jules Goda', '1994-03-02', 'Gardien'),
(48, 'Nicolas Nkoulou', '1997-06-30', 'Défenseur'),
(49, 'Ambroise Oyongo', '1988-05-10', 'Défenseur'),
(50, 'Mohamed Djeitei', '1988-05-15', 'Défenseur'),
(51, 'Collins Fai', '1988-05-20', 'Défenseur'),
(52, 'Michael Ngadeu Ngadjui', '1992-07-08', 'Défenseur'),
(53, 'Sébastien Siani', '1996-09-05', 'Milieu'),
(54, 'Georges Mandjeck', '2000-11-03', 'Milieu'),
(55, 'Arnaud Djoum', '1999-12-01', 'Milieu'),
(56, 'Franck Boya', '1996-09-11', 'Milieu'),
(57, 'Vincent Aboubakar', '1994-05-13', 'Attaquant'),
(58, 'Benjamin Moukandjo', '1996-09-14', 'Attaquant'),
(59, 'Jacques Zoua', '1993-06-09', 'Attaquant'),
(60, 'Edgar Salli', '2002-01-31', 'Attaquant'),
(61, 'Abdoulaye Diallo', '1994-01-03', 'Gardien'),
(62, 'Khadim Ndiaye', '1997-07-18', 'Gardien'),
(63, 'Lamine Gassama', '1993-09-21', 'Défenseur'),
(64, 'Kara Mbodj', '1997-01-25', 'Défenseur'),
(65, 'Zargo Touré', '1988-03-31', 'Défenseur'),
(66, 'Kalidou Koulibaly', '1988-04-05', 'Défenseur'),
(67, 'Saliou Ciss', '1996-09-07', 'Défenseur'),
(68, 'Idrissa Gueye', '1997-05-09', 'Milieu'),
(69, 'Cheikhou Kouyaté', '1992-07-08', 'Milieu'),
(70, 'Cheikh Ndoye', '1997-11-07', 'Milieu'),
(71, 'Pape Kouly Diop', '1994-11-03', 'Milieu'),
(72, 'Pape Alioune Ndiaye', '1997-07-26', 'Milieu'),
(73, 'Moussa Konaté', '1996-09-12', 'Attaquant'),
(74, 'Famara Diedhiou', '1988-04-15', 'Attaquant'),
(75, 'Moussa Sow', '1988-04-20', 'Attaquant'),
(76, 'Aymen Mathlouthi', '1994-09-20', 'Gardien'),
(77, 'Rami Jeridi', '1997-09-16', 'Gardien'),
(78, 'Hamza Mathlouthi', '1996-09-08', 'Défenseur'),
(79, 'Aymen Abdennour', '2002-10-16', 'Défenseur'),
(80, 'Ali Maaloul', '1998-06-24', 'Défenseur'),
(81, 'Zied Boughattas', '1993-09-05', 'Défenseur'),
(82, 'Mohamed Ali Yaakoubi', '1995-04-11', 'Défenseur'),
(83, 'Chamseddine Dhaouadi', '1994-01-29', 'Défenseur'),
(84, 'Larry Azouni', '1996-09-05', 'Milieu'),
(85, 'Ferjani Sassi', '1995-05-12', 'Milieu'),
(86, 'Mohamed Amine Ben Amor', '2001-05-09', 'Milieu'),
(87, 'Wahbi Khazri', '2002-05-25', 'Milieu'),
(88, 'Saber Khalifa', '1994-11-11', 'Attaquant'),
(89, 'Ahmed Akaichi', '1996-01-01', 'Attaquant'),
(90, 'Taha Yassine Khenissi', '1997-02-28', 'Attaquant'),
(91, 'Raïs Mbolhi', '1993-01-02', 'Gardien'),
(92, 'Malik Asselah', '1996-09-15', 'Gardien'),
(93, 'Mokhtar Belkhiter', '1995-05-25', 'Défenseur'),
(94, 'Mohamed Rabie Meftah', '1996-09-22', 'Défenseur'),
(95, 'Aïssa Mandi', '1996-04-14', 'Défenseur'),
(96, 'Hicham Belkaroui', '1998-11-25', 'Défenseur'),
(97, 'Liassine Cadamuro', '1996-05-10', 'Défenseur'),
(98, 'Mohamed Benyahia', '1999-08-06', 'Défenseur'),
(99, 'Adlène Guedioura', '1997-06-30', 'Milieu'),
(100, 'Bennacer', '2000-08-25', 'Milieu'),
(101, 'Nabil Bentaleb', '2000-07-19', 'Milieu'),
(102, 'Mehdi Abeid', '1996-09-16', 'Milieu'),
(103, 'Islam Slimani', '1996-07-27', 'Attaquant'),
(104, 'Riyad Mahrez', '2000-03-25', 'Attaquant'),
(105, 'Hilal Soudani', '1996-12-30', 'Attaquant'),
(106, 'Donovan Bernard', '1991-09-24', 'Gardien'),
(107, 'Tatenda Mkuruva', '1997-05-09', 'Gardien'),
(108, 'Teenage Hadebe', '1996-09-17', 'Défenseur'),
(109, 'Lawrence Mhlanga', '1997-04-13', 'Défenseur'),
(110, 'Onismor Bhasera', '1996-09-20', 'Défenseur'),
(111, 'Bruce Kangwa', '1996-01-01', 'Défenseur'),
(112, 'Oscar Machapa', '1997-07-26', 'Défenseur'),
(113, 'Kudakwashe Mahachi', '1996-09-17', 'Milieu'),
(114, 'Danny Phiri', '1999-11-01', 'Milieu'),
(115, 'Khama Billiat', '2001-02-07', 'Milieu'),
(116, 'Willard Katsande', '1997-01-25', 'Milieu'),
(117, 'Tinotenda Kadewere', '1999-06-09', 'Attaquant'),
(118, 'Cuthbert Malajila', '1997-02-25', 'Attaquant'),
(119, 'Nyasha Mushekwi', '2000-12-11', 'Attaquant'),
(120, 'Knowledge Musona', '2001-05-05', 'Attaquant'),
(121, 'Kiassumbua Joel', '1996-09-21', 'Gardien'),
(122, 'Matampi Vumi Ley', '1999-07-08', 'Gardien'),
(123, 'Issama Mpeko Djo', '1997-03-18', 'Défenseur'),
(124, 'Bope Bokadi Merveille', '1990-04-18', 'Défenseur'),
(125, 'Lomalisa Mutambala', '1997-12-03', 'Défenseur'),
(126, 'Ikoko Jordan', '1990-02-07', 'Défenseur'),
(127, 'Tisserand Marcel', '1999-12-29', 'Défenseur'),
(128, 'Remy Mulumba', '1989-09-20', 'Milieu'),
(129, 'Mpoku Paul-Jose', '1999-10-03', 'Milieu'),
(130, 'Junior Kabananga', '1996-10-13', 'Milieu'),
(131, 'Mbemba Chancel', '1989-06-07', 'Milieu'),
(132, 'Youssuf Mulumbu', '1996-02-22', 'Milieu'),
(133, 'Ndombe Firmin Mubele ', '2000-01-27', 'Attaquant'),
(134, 'Jeremy  Bokila Loteteka', '1996-03-19', 'Attaquant'),
(135, 'Cedrick Bakambu', '1997-09-16', 'Attaquant'),
(136, 'Munir Mohammadi', '1991-01-23', 'Gardien'),
(137, 'Yassine Bounou', '1991-04-03', 'Gardien'),
(138, 'Medhi Benatia', '1996-09-18', 'Défenseur'),
(139, 'Romain Saïss', '1990-09-05', 'Défenseur'),
(140, 'Marouane Da Costa', '1996-09-23', 'Défenseur'),
(141, 'Fouad Chafik', '1989-05-03', 'Défenseur'),
(142, ' Hamza Mendyl', '2000-11-12', 'Défenseur'),
(143, 'Karim El Ahmadi', '1989-08-16', 'Milieu'),
(144, 'Faycal Fajr', '1999-11-30', 'Milieu'),
(145, 'Mbark Boussoufa', '1997-12-29', 'Milieu'),
(146, 'Rherras', '1989-10-25', 'Milieu'),
(147, 'El Kaddouri', '1999-09-04', 'Milieu'),
(148, 'Khalid Boutaïb', '2000-06-20', 'Attaquant'),
(149, 'Youssef En-Nessyri', '1990-08-01', 'Attaquant'),
(150, 'Rachid Alioui', '1996-01-27', 'Attaquant'),
(151, 'Sylvain Gbohouo', '2000-02-25', 'Gardien'),
(152, 'Mande Sayouba', '1996-09-10', 'Gardien'),
(153, 'Eric Bailly', '2001-01-09', 'Défenseur'),
(154, 'Serge Aurier', '1995-01-28', 'Défenseur'),
(155, 'Simon Deli', '2000-08-17', 'Défenseur'),
(156, 'Wilfried Kanon', '1990-02-03', 'Défenseur'),
(157, 'Lamine Koné', '1996-08-22', 'Défenseur'),
(158, 'Mamadou Bagayoko', '2001-07-02', 'Milieu'),
(159, 'Geoffrey Serey Dié', '1994-08-25', 'Milieu'),
(160, 'Victorien Angban', '2001-04-06', 'Milieu'),
(161, 'Cheick Doukouré', '1997-11-07', 'Milieu'),
(162, 'Franck Kessié', '2000-05-22', 'Milieu'),
(163, 'Wilfried Bony', '1995-07-29', 'Attaquant'),
(164, 'Giovanni Sio', '1990-08-04', 'Attaquant'),
(165, 'Max-Alain Gradel', '2001-06-03', 'Attaquant'),
(166, 'Kossi Agassa', '1990-05-18', 'Gardien'),
(167, 'Baba Tchagouni', '1995-04-16', 'Gardien'),
(168, 'Serge Akakpo', '1993-12-08', 'Défenseur'),
(169, 'Sadate Ouro-Akoriko', '2001-08-29', 'Défenseur'),
(170, 'Djene Dakonam', '1995-01-02', 'Défenseur'),
(171, 'Gafar Mamah', '1996-09-19', 'Défenseur'),
(172, 'Maklibè Kouloun', '2000-10-14', 'Défenseur'),
(173, 'Alaixys Romao', '1995-08-24', 'Milieu'),
(174, 'Matthieu Dossevi', '2001-10-26', 'Milieu'),
(175, 'Floyd Ayité', '1995-07-03', 'Milieu'),
(176, 'Henritsè Eninful', '2000-09-15', 'Milieu'),
(177, 'Lalawele Atakora', '1997-02-20', 'Milieu'),
(178, 'Prince Segbefia', '2001-09-27', 'Milieu'),
(179, 'Emmanuel Adebayor', '1990-04-22', 'Attaquant'),
(180, 'Fo Doh Laba', '1995-03-21', 'Attaquant'),
(181, 'Sherif Ekramy', '1991-04-21', 'Gardien'),
(182, 'Essam El Hadary', '1995-06-07', 'Gardien'),
(183, 'Ahmed Fathy', '2001-03-08', 'Défenseur'),
(184, 'Ahmed Hegazy', '1994-12-07', 'Défenseur'),
(185, 'Saad Samir', '1995-10-15', 'Défenseur'),
(186, 'Ahmed Dwidar', '1990-03-01', 'Défenseur'),
(187, 'Ali Gabr', '2001-07-31', 'Défenseur'),
(188, 'Ahmed Elmohamady', '1995-11-10', 'Défenseur'),
(189, 'Tarek Hamed', '1997-08-21', 'Milieu'),
(190, 'Ibrahim Salah', '1996-07-01', 'Milieu'),
(191, 'Abdallah El Said', '1989-07-12', 'Milieu'),
(192, 'Koka', '1990-03-27', 'Milieu'),
(193, 'Trézéguet', '2000-04-23', 'Attaquant'),
(194, 'Marwan Mohsen', '1990-10-21', 'Attaquant'),
(195, 'Mahmoud Abdel-Moneim', '1992-01-06', 'Attaquant'),
(196, 'Razak Braimah', '1995-12-06', 'Gardien'),
(197, 'Richard Ofori', '1991-08-03', 'Gardien'),
(198, 'Harrison Afful', '1992-11-13', 'Défenseur'),
(199, 'Andy Yiadom', '1991-02-28', 'Défenseur'),
(200, 'Baba Rahman', '1995-09-19', 'Défenseur'),
(201, 'Frank Acheampong', '1990-07-09', 'Défenseur'),
(202, 'John Boye', '1997-08-21', 'Défenseur'),
(203, 'Emmanuel Agyemang-Badu', '1992-08-27', 'Milieu'),
(204, 'Afriyie Acquah', '1991-06-12', 'Milieu'),
(205, 'Thomas Partey', '1994-10-16', 'Milieu'),
(206, 'Mubarak Wakaso', '1992-04-19', 'Milieu'),
(207, 'Christian Atsu', '1996-12-04', 'Milieu'),
(208, 'Asamoah Gyan', '1990-11-16', 'Attaquant'),
(209, 'Jordan Ayew', '1997-02-20', 'Attaquant'),
(210, 'André Ayew', '1993-01-30', 'Attaquant'),
(211, 'Soumaila Diakité', '1991-10-20', 'Gardien'),
(212, 'Djigui Diarra', '1992-06-10', 'Gardien'),
(213, 'Ousmane Coulibaly', '1993-08-26', 'Défenseur'),
(214, 'Hamari Traoré', '1992-07-06', 'Défenseur'),
(215, 'Molla Wagué', '1996-11-08', 'Défenseur'),
(216, 'Salif Coulibaly', '1992-03-24', 'Défenseur'),
(217, 'Mohamed Oumar Konaté', '1993-05-14', 'Défenseur'),
(218, 'Yves Bissouma', '1994-07-04', 'Milieu'),
(219, 'Mamoutou Ndiaye', '1996-06-05', 'Milieu'),
(220, 'Lassana Coulibaly', '1993-02-25', 'Milieu'),
(221, 'Yacouba Sylla', '1997-10-12', 'Milieu'),
(222, 'Samba Sow', '1994-06-08', 'Milieu'),
(223, 'Moussa Doumbia', '1989-11-29', 'Attaquant'),
(224, 'Moussa Marega', '1991-08-29', 'Attaquant'),
(225, 'Kalifa Coulibaly', '1990-10-10', 'Attaquant'),
(226, 'Denis Onyango', '1990-06-27', 'Gardien'),
(227, 'Robert Odongkara', '1993-10-17', 'Gardien'),
(228, 'Denis Iguma', '1991-02-27', 'Défenseur'),
(229, 'Nicholas Wadada', '1990-12-19', 'Défenseur'),
(230, 'Joseph Ochaya', '1993-07-31', 'Défenseur'),
(231, 'Shafiq Batambuze', '1994-04-17', 'Défenseur'),
(232, 'Murushid Juuko', '1990-05-23', 'Défenseur'),
(233, 'Geoffrey Kizito', '1992-09-22', 'Milieu'),
(234, 'Khalid Aucho', '1993-11-12', 'Milieu'),
(235, 'Mike Azira', '1995-02-23', 'Milieu'),
(236, 'Tony Mawejje', '1992-12-09', 'Milieu'),
(237, 'Moses Oloya', '1990-11-14', 'Milieu'),
(238, 'Mohammed Shaban', '1994-07-30', 'Attaquant'),
(239, 'Geoffrey Sserunkuma', '1993-07-05', 'Attaquant'),
(240, 'Farouk Miya', '1994-03-22', 'Attaquant');

-- --------------------------------------------------------

--
-- Structure de la table `licence`
--

CREATE TABLE `licence` (
  `id_licence` int(11) NOT NULL,
  `num_licence` varchar(100) NOT NULL,
  `id_tournoi` int(11) NOT NULL,
  `id_joueur` int(11) NOT NULL,
  `id_equipe` int(11) NOT NULL
) ENGINE=InnoDB DEFAULT CHARSET=latin1;

--
-- Déchargement des données de la table `licence`
--

INSERT INTO `licence` (`id_licence`, `num_licence`, `id_tournoi`, `id_joueur`, `id_equipe`) VALUES
(1, 'A1', 1, 1, 1),
(2, 'A2', 1, 2, 1),
(3, 'A3', 1, 3, 1),
(4, 'A4', 1, 4, 1),
(5, 'A5', 1, 5, 1),
(6, 'A6', 1, 6, 1),
(7, 'A7', 1, 7, 1),
(8, 'A8', 1, 8, 1),
(9, 'A9', 1, 9, 1),
(10, 'A10', 1, 10, 1),
(11, 'A11', 1, 11, 1),
(12, 'A12', 1, 12, 1),
(13, 'A13', 1, 13, 1),
(14, 'A14', 1, 14, 1),
(15, 'A15', 1, 15, 1),
(16, 'B1', 1, 16, 2),
(17, 'B2', 1, 17, 2),
(18, 'B3', 1, 18, 2),
(19, 'B4', 1, 19, 2),
(20, 'B5', 1, 20, 2),
(21, 'B6', 1, 21, 2),
(22, 'B7', 1, 22, 2),
(23, 'B8', 1, 23, 2),
(24, 'B9', 1, 24, 2),
(25, 'B10', 1, 25, 2),
(26, 'B11', 1, 26, 2),
(27, 'B12', 1, 27, 2),
(28, 'B13', 1, 28, 2),
(29, 'B14', 1, 29, 2),
(30, 'B15', 1, 30, 2),
(31, 'C1', 1, 31, 3),
(32, 'C2', 1, 32, 3),
(33, 'C3', 1, 33, 3),
(34, 'C4', 1, 34, 3),
(35, 'C5', 1, 35, 3),
(36, 'C6', 1, 36, 3),
(37, 'C7', 1, 37, 3),
(38, 'C8', 1, 38, 3),
(39, 'C9', 1, 39, 3),
(40, 'C10', 1, 40, 3),
(41, 'C11', 1, 41, 3),
(42, 'C12', 1, 42, 3),
(43, 'C13', 1, 43, 3),
(44, 'C14', 1, 44, 3),
(45, 'C15', 1, 45, 3),
(46, 'D1', 1, 46, 4),
(47, 'D2', 1, 47, 4),
(48, 'D3', 1, 48, 4),
(49, 'D4', 1, 49, 4),
(50, 'D5', 1, 50, 4),
(51, 'D6', 1, 51, 4),
(52, 'D7', 1, 52, 4),
(53, 'D8', 1, 53, 4),
(54, 'D9', 1, 54, 4),
(55, 'D10', 1, 55, 4),
(56, 'D11', 1, 56, 4),
(57, 'D12', 1, 57, 4),
(58, 'D13', 1, 58, 4),
(59, 'D14', 1, 59, 4),
(60, 'D15', 1, 60, 4),
(61, 'E1', 1, 61, 5),
(62, 'E2', 1, 62, 5),
(63, 'E3', 1, 63, 5),
(64, 'E4', 1, 64, 5),
(65, 'E5', 1, 65, 5),
(66, 'E6', 1, 66, 5),
(67, 'E7', 1, 67, 5),
(68, 'E8', 1, 68, 5),
(69, 'E9', 1, 69, 5),
(70, 'E10', 1, 70, 5),
(71, 'E11', 1, 71, 5),
(72, 'E12', 1, 72, 5),
(73, 'E13', 1, 73, 5),
(74, 'E14', 1, 74, 5),
(75, 'E15', 1, 75, 5),
(76, 'F1', 1, 76, 6),
(77, 'F2', 1, 77, 6),
(78, 'F3', 1, 78, 6),
(79, 'F4', 1, 79, 6),
(80, 'F5', 1, 80, 6),
(81, 'F6', 1, 81, 6),
(82, 'F7', 1, 82, 6),
(83, 'F8', 1, 83, 6),
(84, 'F9', 1, 84, 6),
(85, 'F10', 1, 85, 6),
(86, 'F11', 1, 86, 6),
(87, 'F12', 1, 87, 6),
(88, 'F13', 1, 88, 6),
(89, 'F14', 1, 89, 6),
(90, 'F15', 1, 90, 6),
(91, 'G1', 1, 91, 7),
(92, 'G2', 1, 92, 7),
(93, 'G3', 1, 93, 7),
(94, 'G4', 1, 94, 7),
(95, 'G5', 1, 95, 7),
(96, 'G6', 1, 96, 7),
(97, 'G7', 1, 97, 7),
(98, 'G8', 1, 98, 7),
(99, 'G9', 1, 99, 7),
(100, 'G10', 1, 100, 7),
(101, 'G11', 1, 101, 7),
(102, 'G12', 1, 102, 7),
(103, 'G13', 1, 103, 7),
(104, 'G14', 1, 104, 7),
(105, 'G15', 1, 105, 7),
(106, 'H1', 1, 106, 8),
(107, 'H2', 1, 107, 8),
(108, 'H3', 1, 108, 8),
(109, 'H4', 1, 109, 8),
(110, 'H5', 1, 110, 8),
(111, 'H6', 1, 111, 8),
(112, 'H7', 1, 112, 8),
(113, 'H8', 1, 113, 8),
(114, 'H9', 1, 114, 8),
(115, 'H10', 1, 115, 8),
(116, 'H11', 1, 116, 8),
(117, 'H12', 1, 117, 8),
(118, 'H13', 1, 118, 8),
(119, 'H14', 1, 119, 8),
(120, 'H15', 1, 120, 8),
(121, 'I1', 1, 121, 9),
(122, 'I2', 1, 122, 9),
(123, 'I3', 1, 123, 9),
(124, 'I4', 1, 124, 9),
(125, 'I5', 1, 125, 9),
(126, 'I6', 1, 126, 9),
(127, 'I7', 1, 127, 9),
(128, 'I8', 1, 128, 9),
(129, 'I9', 1, 129, 9),
(130, 'I10', 1, 130, 9),
(131, 'I11', 1, 131, 9),
(132, 'I12', 1, 132, 9),
(133, 'I13', 1, 133, 9),
(134, 'I14', 1, 134, 9),
(135, 'I15', 1, 135, 9),
(136, 'J1', 1, 136, 10),
(137, 'J2', 1, 137, 10),
(138, 'J3', 1, 138, 10),
(139, 'J4', 1, 139, 10),
(140, 'J5', 1, 140, 10),
(141, 'J6', 1, 141, 10),
(142, 'J7', 1, 142, 10),
(143, 'J8', 1, 143, 10),
(144, 'J9', 1, 144, 10),
(145, 'J10', 1, 145, 10),
(146, 'J11', 1, 146, 10),
(147, 'J12', 1, 147, 10),
(148, 'J13', 1, 148, 10),
(149, 'J14', 1, 149, 10),
(150, 'J15', 1, 150, 10),
(151, 'K1', 1, 151, 11),
(152, 'K2', 1, 152, 11),
(153, 'K3', 1, 153, 11),
(154, 'K4', 1, 154, 11),
(155, 'K5', 1, 155, 11),
(156, 'K6', 1, 156, 11),
(157, 'K7', 1, 157, 11),
(158, 'K8', 1, 158, 11),
(159, 'K9', 1, 159, 11),
(160, 'K10', 1, 160, 11),
(161, 'K11', 1, 161, 11),
(162, 'K12', 1, 162, 11),
(163, 'K13', 1, 163, 11),
(164, 'K14', 1, 164, 11),
(165, 'K15', 1, 165, 11),
(166, 'L1', 1, 166, 12),
(167, 'L2', 1, 167, 12),
(168, 'L3', 1, 168, 12),
(169, 'L4', 1, 169, 12),
(170, 'L5', 1, 170, 12),
(171, 'L6', 1, 171, 12),
(172, 'L7', 1, 172, 12),
(173, 'L8', 1, 173, 12),
(174, 'L9', 1, 174, 12),
(175, 'L10', 1, 175, 12),
(176, 'L11', 1, 176, 12),
(177, 'L12', 1, 177, 12),
(178, 'L13', 1, 178, 12),
(179, 'L14', 1, 179, 12),
(180, 'L15', 1, 180, 12),
(181, 'M1', 1, 181, 13),
(182, 'M2', 1, 182, 13),
(183, 'M3', 1, 183, 13),
(184, 'M4', 1, 184, 13),
(185, 'M5', 1, 185, 13),
(186, 'M6', 1, 186, 13),
(187, 'M7', 1, 187, 13),
(188, 'M8', 1, 188, 13),
(189, 'M9', 1, 189, 13),
(190, 'M10', 1, 190, 13),
(191, 'M11', 1, 191, 13),
(192, 'M12', 1, 192, 13),
(193, 'M13', 1, 193, 13),
(194, 'M14', 1, 194, 13),
(195, 'M15', 1, 195, 13),
(196, 'N1', 1, 196, 14),
(197, 'N2', 1, 197, 14),
(198, 'N3', 1, 198, 14),
(199, 'N4', 1, 199, 14),
(200, 'N5', 1, 200, 14),
(201, 'N6', 1, 201, 14),
(202, 'N7', 1, 202, 14),
(203, 'N8', 1, 203, 14),
(204, 'N9', 1, 204, 14),
(205, 'N10', 1, 205, 14),
(206, 'N11', 1, 206, 14),
(207, 'N12', 1, 207, 14),
(208, 'N13', 1, 208, 14),
(209, 'N14', 1, 209, 14),
(210, 'N15', 1, 210, 14),
(211, 'O1', 1, 211, 15),
(212, 'O2', 1, 212, 15),
(213, 'O3', 1, 213, 15),
(214, 'O4', 1, 214, 15),
(215, 'O5', 1, 215, 15),
(216, 'O6', 1, 216, 15),
(217, 'O7', 1, 217, 15),
(218, 'O8', 1, 218, 15),
(219, 'O9', 1, 219, 15),
(220, 'O10', 1, 220, 15),
(221, 'O11', 1, 221, 15),
(222, 'O12', 1, 222, 15),
(223, 'O13', 1, 223, 15),
(224, 'O14', 1, 224, 15),
(225, 'O15', 1, 225, 15),
(226, 'P1', 1, 226, 16),
(227, 'P2', 1, 227, 16),
(228, 'P3', 1, 228, 16),
(229, 'P4', 1, 229, 16),
(230, 'P5', 1, 230, 16),
(231, 'P6', 1, 231, 16),
(232, 'P7', 1, 232, 16),
(233, 'P8', 1, 233, 16),
(234, 'P9', 1, 234, 16),
(235, 'P10', 1, 235, 16),
(236, 'P11', 1, 236, 16),
(237, 'P12', 1, 237, 16),
(238, 'P13', 1, 238, 16),
(239, 'P14', 1, 239, 16),
(240, 'P15', 1, 240, 16);

-- --------------------------------------------------------

--
-- Structure de la table `matchs`
--

CREATE TABLE `matchs` (
  `id_matchs` int(11) NOT NULL,
  `date_matchs` date NOT NULL,
  `debut_matchs` time NOT NULL,
  `fin_matchs` time NOT NULL,
  `id_stade` int(11) NOT NULL,
  `id_tour` int(11) NOT NULL,
  `id_tournoi` int(11) NOT NULL
) ENGINE=InnoDB DEFAULT CHARSET=latin1;

--
-- Déchargement des données de la table `matchs`
--

INSERT INTO `matchs` (`id_matchs`, `date_matchs`, `debut_matchs`, `fin_matchs`, `id_stade`, `id_tour`, `id_tournoi`) VALUES
(1, '2019-05-14', '17:00:00', '19:00:00', 1, 1, 1),
(2, '2019-05-14', '20:00:00', '22:00:00', 1, 1, 1),
(3, '2019-05-15', '17:00:00', '19:00:00', 3, 1, 1),
(4, '2019-05-15', '20:00:00', '22:00:00', 3, 1, 1),
(5, '2019-05-16', '17:00:00', '19:00:00', 2, 1, 1),
(6, '2019-05-16', '20:00:00', '22:00:00', 2, 1, 1),
(7, '2019-05-17', '17:00:00', '19:00:00', 4, 1, 1),
(8, '2019-05-17', '20:00:00', '22:00:00', 4, 1, 1),
(9, '2019-05-18', '17:00:00', '19:00:00', 1, 1, 1),
(10, '2019-05-18', '20:00:00', '22:00:00', 1, 1, 1),
(11, '2019-05-19', '17:00:00', '19:00:00', 3, 1, 1),
(12, '2019-05-19', '20:00:00', '22:00:00', 3, 1, 1),
(13, '2019-05-20', '17:00:00', '19:00:00', 2, 1, 1),
(14, '2019-05-20', '20:00:00', '22:00:00', 2, 1, 1),
(15, '2019-05-21', '17:00:00', '19:00:00', 4, 1, 1),
(16, '2019-05-21', '20:00:00', '22:00:00', 4, 1, 1),
(17, '2019-05-22', '20:00:00', '22:00:00', 1, 1, 1),
(18, '2019-05-22', '20:00:00', '22:00:00', 3, 1, 1),
(19, '2019-05-23', '20:00:00', '22:00:00', 3, 1, 1),
(20, '2019-05-23', '20:00:00', '22:00:00', 1, 1, 1),
(21, '2019-05-24', '20:00:00', '22:00:00', 2, 1, 1),
(22, '2019-05-24', '20:00:00', '22:00:00', 4, 1, 1),
(23, '2019-05-25', '20:00:00', '22:00:00', 4, 1, 1),
(24, '2019-05-25', '20:00:00', '22:00:00', 2, 1, 1),
(25, '2019-05-28', '17:00:00', '19:00:00', 1, 2, 1),
(26, '2019-05-28', '20:00:00', '22:00:00', 3, 2, 1),
(27, '2019-05-29', '17:00:00', '19:00:00', 2, 2, 1),
(28, '2019-05-29', '20:00:00', '22:00:00', 4, 2, 1),
(29, '2019-06-01', '20:00:00', '22:00:00', 1, 3, 1),
(30, '2019-06-02', '20:00:00', '22:00:00', 3, 3, 1),
(31, '2019-06-04', '20:00:00', '22:00:00', 4, 4, 1),
(32, '2019-06-05', '20:00:00', '22:00:00', 1, 5, 1);

-- --------------------------------------------------------

--
-- Structure de la table `participer`
--

CREATE TABLE `participer` (
  `id_licence` int(11) NOT NULL,
  `id_matchs` int(11) NOT NULL
) ENGINE=InnoDB DEFAULT CHARSET=latin1;

--
-- Déchargement des données de la table `participer`
--

INSERT INTO `participer` (`id_licence`, `id_matchs`) VALUES
(1, 1),
(2, 1),
(3, 1),
(4, 1),
(5, 1),
(6, 1),
(7, 1),
(8, 1),
(9, 1),
(10, 1),
(11, 1),
(12, 1),
(13, 1),
(14, 1),
(15, 1),
(16, 1),
(17, 1),
(18, 1),
(19, 1),
(20, 1),
(21, 1),
(22, 1),
(23, 1),
(24, 1),
(25, 1),
(26, 1),
(27, 1),
(28, 1),
(29, 1),
(30, 1),
(31, 2),
(32, 2),
(33, 2),
(34, 2),
(35, 2),
(36, 2),
(37, 2),
(38, 2),
(39, 2),
(40, 2),
(41, 2),
(42, 2),
(43, 2),
(44, 2),
(45, 2),
(46, 2),
(47, 2),
(48, 2),
(49, 2),
(50, 2),
(51, 2),
(52, 2),
(53, 2),
(54, 2),
(55, 2),
(56, 2),
(57, 2),
(58, 2),
(59, 2),
(60, 2),
(91, 3),
(92, 3),
(93, 3),
(94, 3),
(95, 3),
(96, 3),
(97, 3),
(98, 3),
(99, 3),
(100, 3),
(101, 3),
(102, 3),
(103, 3),
(104, 3),
(105, 3),
(106, 3),
(107, 3),
(108, 3),
(109, 3),
(110, 3),
(111, 3),
(112, 3),
(113, 3),
(114, 3),
(115, 3),
(116, 3),
(117, 3),
(118, 3),
(119, 3),
(120, 3),
(61, 4),
(62, 4),
(63, 4),
(64, 4),
(65, 4),
(66, 4),
(67, 4),
(68, 4),
(69, 4),
(70, 4),
(71, 4),
(72, 4),
(73, 4),
(74, 4),
(75, 4),
(76, 4),
(77, 4),
(78, 4),
(79, 4),
(80, 4),
(81, 4),
(82, 4),
(83, 4),
(84, 4),
(85, 4),
(86, 4),
(87, 4),
(88, 4),
(89, 4),
(90, 4),
(151, 5),
(152, 5),
(153, 5),
(154, 5),
(155, 5),
(156, 5),
(157, 5),
(158, 5),
(159, 5),
(160, 5),
(161, 5),
(162, 5),
(163, 5),
(164, 5),
(165, 5),
(166, 5),
(167, 5),
(168, 5),
(169, 5),
(170, 5),
(171, 5),
(172, 5),
(173, 5),
(174, 5),
(175, 5),
(176, 5),
(177, 5),
(178, 5),
(179, 5),
(180, 5),
(121, 6),
(122, 6),
(123, 6),
(124, 6),
(125, 6),
(126, 6),
(127, 6),
(128, 6),
(129, 6),
(130, 6),
(131, 6),
(132, 6),
(133, 6),
(134, 6),
(135, 6),
(136, 6),
(137, 6),
(138, 6),
(139, 6),
(140, 6),
(141, 6),
(142, 6),
(143, 6),
(144, 6),
(145, 6),
(146, 6),
(147, 6),
(148, 6),
(149, 6),
(150, 6),
(196, 7),
(197, 7),
(198, 7),
(199, 7),
(200, 7),
(201, 7),
(202, 7),
(203, 7),
(204, 7),
(205, 7),
(206, 7),
(207, 7),
(208, 7),
(209, 7),
(210, 7),
(226, 7),
(227, 7),
(228, 7),
(229, 7),
(230, 7),
(231, 7),
(232, 7),
(233, 7),
(234, 7),
(235, 7),
(236, 7),
(237, 7),
(238, 7),
(239, 7),
(240, 7),
(181, 8),
(182, 8),
(183, 8),
(184, 8),
(185, 8),
(186, 8),
(187, 8),
(188, 8),
(189, 8),
(190, 8),
(191, 8),
(192, 8),
(193, 8),
(194, 8),
(195, 8),
(211, 8),
(212, 8),
(213, 8),
(214, 8),
(215, 8),
(216, 8),
(217, 8),
(218, 8),
(219, 8),
(220, 8),
(221, 8),
(222, 8),
(223, 8),
(224, 8),
(225, 8),
(1, 9),
(2, 9),
(3, 9),
(4, 9),
(5, 9),
(6, 9),
(7, 9),
(8, 9),
(9, 9),
(10, 9),
(11, 9),
(12, 9),
(13, 9),
(14, 9),
(15, 9),
(31, 9),
(32, 9),
(33, 9),
(34, 9),
(35, 9),
(36, 9),
(37, 9),
(38, 9),
(39, 9),
(40, 9),
(41, 9),
(42, 9),
(43, 9),
(44, 9),
(45, 9),
(16, 10),
(17, 10),
(18, 10),
(19, 10),
(20, 10),
(21, 10),
(22, 10),
(23, 10),
(24, 10),
(25, 10),
(26, 10),
(27, 10),
(28, 10),
(29, 10),
(30, 10),
(46, 10),
(47, 10),
(48, 10),
(49, 10),
(50, 10),
(51, 10),
(52, 10),
(53, 10),
(54, 10),
(55, 10),
(56, 10),
(57, 10),
(58, 10),
(59, 10),
(60, 10),
(76, 11),
(77, 11),
(78, 11),
(79, 11),
(80, 11),
(81, 11),
(82, 11),
(83, 11),
(84, 11),
(85, 11),
(86, 11),
(87, 11),
(88, 11),
(89, 11),
(90, 11),
(91, 11),
(92, 11),
(93, 11),
(94, 11),
(95, 11),
(96, 11),
(97, 11),
(98, 11),
(99, 11),
(100, 11),
(101, 11),
(102, 11),
(103, 11),
(104, 11),
(105, 11),
(61, 12),
(62, 12),
(63, 12),
(64, 12),
(65, 12),
(66, 12),
(67, 12),
(68, 12),
(69, 12),
(70, 12),
(71, 12),
(72, 12),
(73, 12),
(74, 12),
(75, 12),
(106, 12),
(107, 12),
(108, 12),
(109, 12),
(110, 12),
(111, 12),
(112, 12),
(113, 12),
(114, 12),
(115, 12),
(116, 12),
(117, 12),
(118, 12),
(119, 12),
(120, 12),
(121, 13),
(122, 13),
(123, 13),
(124, 13),
(125, 13),
(126, 13),
(127, 13),
(128, 13),
(129, 13),
(130, 13),
(131, 13),
(132, 13),
(133, 13),
(134, 13),
(135, 13),
(151, 13),
(152, 13),
(153, 13),
(154, 13),
(155, 13),
(156, 13),
(157, 13),
(158, 13),
(159, 13),
(160, 13),
(161, 13),
(162, 13),
(163, 13),
(164, 13),
(165, 13),
(136, 14),
(137, 14),
(138, 14),
(139, 14),
(140, 14),
(141, 14),
(142, 14),
(143, 14),
(144, 14),
(145, 14),
(146, 14),
(147, 14),
(148, 14),
(149, 14),
(150, 14),
(166, 14),
(167, 14),
(168, 14),
(169, 14),
(170, 14),
(171, 14),
(172, 14),
(173, 14),
(174, 14),
(175, 14),
(176, 14),
(177, 14),
(178, 14),
(179, 14),
(180, 14),
(196, 15),
(197, 15),
(198, 15),
(199, 15),
(200, 15),
(201, 15),
(202, 15),
(203, 15),
(204, 15),
(205, 15),
(206, 15),
(207, 15),
(208, 15),
(209, 15),
(210, 15),
(211, 15),
(212, 15),
(213, 15),
(214, 15),
(215, 15),
(216, 15),
(217, 15),
(218, 15),
(219, 15),
(220, 15),
(221, 15),
(222, 15),
(223, 15),
(224, 15),
(225, 15),
(181, 16),
(182, 16),
(183, 16),
(184, 16),
(185, 16),
(186, 16),
(187, 16),
(188, 16),
(189, 16),
(190, 16),
(191, 16),
(192, 16),
(193, 16),
(194, 16),
(195, 16),
(226, 16),
(227, 16),
(228, 16),
(229, 16),
(230, 16),
(231, 16),
(232, 16),
(233, 16),
(234, 16),
(235, 16),
(236, 16),
(237, 16),
(238, 16),
(239, 16),
(240, 16),
(1, 17),
(2, 17),
(3, 17),
(4, 17),
(5, 17),
(6, 17),
(7, 17),
(8, 17),
(9, 17),
(10, 17),
(11, 17),
(12, 17),
(13, 17),
(14, 17),
(15, 17),
(46, 17),
(47, 17),
(48, 17),
(49, 17),
(50, 17),
(51, 17),
(52, 17),
(53, 17),
(54, 17),
(55, 17),
(56, 17),
(57, 17),
(58, 17),
(59, 17),
(60, 17),
(16, 18),
(17, 18),
(18, 18),
(19, 18),
(20, 18),
(21, 18),
(22, 18),
(23, 18),
(24, 18),
(25, 18),
(26, 18),
(27, 18),
(28, 18),
(29, 18),
(30, 18),
(31, 18),
(32, 18),
(33, 18),
(34, 18),
(35, 18),
(36, 18),
(37, 18),
(38, 18),
(39, 18),
(40, 18),
(41, 18),
(42, 18),
(43, 18),
(44, 18),
(45, 18),
(61, 19),
(62, 19),
(63, 19),
(64, 19),
(65, 19),
(66, 19),
(67, 19),
(68, 19),
(69, 19),
(70, 19),
(71, 19),
(72, 19),
(73, 19),
(74, 19),
(75, 19),
(91, 19),
(92, 19),
(93, 19),
(94, 19),
(95, 19),
(96, 19),
(97, 19),
(98, 19),
(99, 19),
(100, 19),
(101, 19),
(102, 19),
(103, 19),
(104, 19),
(105, 19),
(76, 20),
(77, 20),
(78, 20),
(79, 20),
(80, 20),
(81, 20),
(82, 20),
(83, 20),
(84, 20),
(85, 20),
(86, 20),
(87, 20),
(88, 20),
(89, 20),
(90, 20),
(106, 20),
(107, 20),
(108, 20),
(109, 20),
(110, 20),
(111, 20),
(112, 20),
(113, 20),
(114, 20),
(115, 20),
(116, 20),
(117, 20),
(118, 20),
(119, 20),
(120, 20),
(136, 21),
(137, 21),
(138, 21),
(139, 21),
(140, 21),
(141, 21),
(142, 21),
(143, 21),
(144, 21),
(145, 21),
(146, 21),
(147, 21),
(148, 21),
(149, 21),
(150, 21),
(151, 21),
(152, 21),
(153, 21),
(154, 21),
(155, 21),
(156, 21),
(157, 21),
(158, 21),
(159, 21),
(160, 21),
(161, 21),
(162, 21),
(163, 21),
(164, 21),
(165, 21),
(121, 22),
(122, 22),
(123, 22),
(124, 22),
(125, 22),
(126, 22),
(127, 22),
(128, 22),
(129, 22),
(130, 22),
(131, 22),
(132, 22),
(133, 22),
(134, 22),
(135, 22),
(166, 22),
(167, 22),
(168, 22),
(169, 22),
(170, 22),
(171, 22),
(172, 22),
(173, 22),
(174, 22),
(175, 22),
(176, 22),
(177, 22),
(178, 22),
(179, 22),
(180, 22),
(181, 23),
(182, 23),
(183, 23),
(184, 23),
(185, 23),
(186, 23),
(187, 23),
(188, 23),
(189, 23),
(190, 23),
(191, 23),
(192, 23),
(193, 23),
(194, 23),
(195, 23),
(196, 23),
(197, 23),
(198, 23),
(199, 23),
(200, 23),
(201, 23),
(202, 23),
(203, 23),
(204, 23),
(205, 23),
(206, 23),
(207, 23),
(208, 23),
(209, 23),
(210, 23),
(211, 24),
(212, 24),
(213, 24),
(214, 24),
(215, 24),
(216, 24),
(217, 24),
(218, 24),
(219, 24),
(220, 24),
(221, 24),
(222, 24),
(223, 24),
(224, 24),
(225, 24),
(226, 24),
(227, 24),
(228, 24),
(229, 24),
(230, 24),
(231, 24),
(232, 24),
(233, 24),
(234, 24),
(235, 24),
(236, 24),
(237, 24),
(238, 24),
(239, 24),
(240, 24),
(31, 25),
(32, 25),
(33, 25),
(34, 25),
(35, 25),
(36, 25),
(37, 25),
(38, 25),
(39, 25),
(40, 25),
(41, 25),
(42, 25),
(43, 25),
(44, 25),
(45, 25),
(76, 25),
(77, 25),
(78, 25),
(79, 25),
(80, 25),
(81, 25),
(82, 25),
(83, 25),
(84, 25),
(85, 25),
(86, 25),
(87, 25),
(88, 25),
(89, 25),
(90, 25),
(46, 26),
(47, 26),
(48, 26),
(49, 26),
(50, 26),
(51, 26),
(52, 26),
(53, 26),
(54, 26),
(55, 26),
(56, 26),
(57, 26),
(58, 26),
(59, 26),
(60, 26),
(61, 26),
(62, 26),
(63, 26),
(64, 26),
(65, 26),
(66, 26),
(67, 26),
(68, 26),
(69, 26),
(70, 26),
(71, 26),
(72, 26),
(73, 26),
(74, 26),
(75, 26),
(121, 27),
(122, 27),
(123, 27),
(124, 27),
(125, 27),
(126, 27),
(127, 27),
(128, 27),
(129, 27),
(130, 27),
(131, 27),
(132, 27),
(133, 27),
(134, 27),
(135, 27),
(196, 27),
(197, 27),
(198, 27),
(199, 27),
(200, 27),
(201, 27),
(202, 27),
(203, 27),
(204, 27),
(205, 27),
(206, 27),
(207, 27),
(208, 27),
(209, 27),
(210, 27),
(136, 28),
(137, 28),
(138, 28),
(139, 28),
(140, 28),
(141, 28),
(142, 28),
(143, 28),
(144, 28),
(145, 28),
(146, 28),
(147, 28),
(148, 28),
(149, 28),
(150, 28),
(181, 28),
(182, 28),
(183, 28),
(184, 28),
(185, 28),
(186, 28),
(187, 28),
(188, 28),
(189, 28),
(190, 28),
(191, 28),
(192, 28),
(193, 28),
(194, 28),
(195, 28),
(31, 29),
(32, 29),
(33, 29),
(34, 29),
(35, 29),
(36, 29),
(37, 29),
(38, 29),
(39, 29),
(40, 29),
(41, 29),
(42, 29),
(43, 29),
(44, 29),
(45, 29),
(181, 29),
(182, 29),
(183, 29),
(184, 29),
(185, 29),
(186, 29),
(187, 29),
(188, 29),
(189, 29),
(190, 29),
(191, 29),
(192, 29),
(193, 29),
(194, 29),
(195, 29),
(46, 30),
(47, 30),
(48, 30),
(49, 30),
(50, 30),
(51, 30),
(52, 30),
(53, 30),
(54, 30),
(55, 30),
(56, 30),
(57, 30),
(58, 30),
(59, 30),
(60, 30),
(196, 30),
(197, 30),
(198, 30),
(199, 30),
(200, 30),
(201, 30),
(202, 30),
(203, 30),
(204, 30),
(205, 30),
(206, 30),
(207, 30),
(208, 30),
(209, 30),
(210, 30),
(31, 31),
(32, 31),
(33, 31),
(34, 31),
(35, 31),
(36, 31),
(37, 31),
(38, 31),
(39, 31),
(40, 31),
(41, 31),
(42, 31),
(43, 31),
(44, 31),
(45, 31),
(196, 31),
(197, 31),
(198, 31),
(199, 31),
(200, 31),
(201, 31),
(202, 31),
(203, 31),
(204, 31),
(205, 31),
(206, 31),
(207, 31),
(208, 31),
(209, 31),
(210, 31),
(46, 32),
(47, 32),
(48, 32),
(49, 32),
(50, 32),
(51, 32),
(52, 32),
(53, 32),
(54, 32),
(55, 32),
(56, 32),
(57, 32),
(58, 32),
(59, 32),
(60, 32),
(181, 32),
(182, 32),
(183, 32),
(184, 32),
(185, 32),
(186, 32),
(187, 32),
(188, 32),
(189, 32),
(190, 32),
(191, 32),
(192, 32),
(193, 32),
(194, 32),
(195, 32);

-- --------------------------------------------------------

--
-- Structure de la table `poule`
--

CREATE TABLE `poule` (
  `id_poule` int(11) NOT NULL,
  `libelle_poule` varchar(50) NOT NULL
) ENGINE=InnoDB DEFAULT CHARSET=latin1;

--
-- Déchargement des données de la table `poule`
--

INSERT INTO `poule` (`id_poule`, `libelle_poule`) VALUES
(1, 'Poule A'),
(2, 'Poule B'),
(3, 'Poule C'),
(4, 'Poule D');

-- --------------------------------------------------------

--
-- Structure de la table `stade`
--

CREATE TABLE `stade` (
  `id_stade` int(11) NOT NULL,
  `nom_stade` varchar(50) NOT NULL,
  `capacite` int(11) NOT NULL,
  `adresse_stade` varchar(50) NOT NULL
) ENGINE=InnoDB DEFAULT CHARSET=latin1;

--
-- Déchargement des données de la table `stade`
--

INSERT INTO `stade` (`id_stade`, `nom_stade`, `capacite`, `adresse_stade`) VALUES
(1, 'Amadou BARRY', 25000, 'Guediawaye'),
(2, 'Alassane DJIGO', 18000, 'Pikine'),
(3, 'Caroline FAYE', 20000, 'Mbour'),
(4, 'Demba DIOP', 35000, 'Dakar');

-- --------------------------------------------------------

--
-- Structure de la table `tour`
--

CREATE TABLE `tour` (
  `id_tour` int(11) NOT NULL,
  `libelle_tour` varchar(100) NOT NULL
) ENGINE=InnoDB DEFAULT CHARSET=latin1;

--
-- Déchargement des données de la table `tour`
--

INSERT INTO `tour` (`id_tour`, `libelle_tour`) VALUES
(1, 'Premier-tour'),
(2, 'Quart-final'),
(3, 'Demi-final'),
(4, 'Troisième-place'),
(5, 'Finale');

-- --------------------------------------------------------

--
-- Structure de la table `tournoi`
--

CREATE TABLE `tournoi` (
  `id_tournoi` int(11) NOT NULL,
  `nom_tournoi` varchar(50) NOT NULL,
  `debut_tournoi` date NOT NULL,
  `fin_tournoi` date NOT NULL
) ENGINE=InnoDB DEFAULT CHARSET=latin1;

--
-- Déchargement des données de la table `tournoi`
--

INSERT INTO `tournoi` (`id_tournoi`, `nom_tournoi`, `debut_tournoi`, `fin_tournoi`) VALUES
(1, 'Navétane 2018/2019', '2019-05-14', '2019-06-05');

--
-- Index pour les tables déchargées
--

--
-- Index pour la table `arbitre`
--
ALTER TABLE `arbitre`
  ADD PRIMARY KEY (`id_arbitre`);

--
-- Index pour la table `arbitrer`
--
ALTER TABLE `arbitrer`
  ADD PRIMARY KEY (`id_matchs`,`id_arbitre`),
  ADD KEY `arbitrer_arbitre0_FK` (`id_arbitre`);

--
-- Index pour la table `CLIENT`
--
ALTER TABLE `CLIENT`
  ADD PRIMARY KEY (`IDCLIENT`);

--
-- Index pour la table `contenir`
--
ALTER TABLE `contenir`
  ADD PRIMARY KEY (`id_poule`,`id_equipe`,`id_tournoi`),
  ADD KEY `contenir_equipe0_FK` (`id_equipe`),
  ADD KEY `contenir_tournoi1_FK` (`id_tournoi`);

--
-- Index pour la table `disputer`
--
ALTER TABLE `disputer`
  ADD PRIMARY KEY (`id_equipe`,`id_equipe_disputer`,`id_matchs`),
  ADD KEY `disputer_equipe0_FK` (`id_equipe_disputer`),
  ADD KEY `disputer_matchs1_FK` (`id_matchs`);

--
-- Index pour la table `equipe`
--
ALTER TABLE `equipe`
  ADD PRIMARY KEY (`id_equipe`);

--
-- Index pour la table `jouer`
--
ALTER TABLE `jouer`
  ADD PRIMARY KEY (`id_matchs`,`id_licence`),
  ADD KEY `jouer_licence0_FK` (`id_licence`);

--
-- Index pour la table `joueur`
--
ALTER TABLE `joueur`
  ADD PRIMARY KEY (`id_joueur`);

--
-- Index pour la table `licence`
--
ALTER TABLE `licence`
  ADD PRIMARY KEY (`id_licence`),
  ADD KEY `licence_tournoi_FK` (`id_tournoi`),
  ADD KEY `licence_joueur0_FK` (`id_joueur`),
  ADD KEY `licence_equipe1_FK` (`id_equipe`);

--
-- Index pour la table `matchs`
--
ALTER TABLE `matchs`
  ADD PRIMARY KEY (`id_matchs`),
  ADD KEY `matchs_stade_FK` (`id_stade`),
  ADD KEY `matchs_tour0_FK` (`id_tour`),
  ADD KEY `matchs_tournoi1_FK` (`id_tournoi`);

--
-- Index pour la table `participer`
--
ALTER TABLE `participer`
  ADD PRIMARY KEY (`id_licence`,`id_matchs`),
  ADD KEY `participer_matchs0_FK` (`id_matchs`);

--
-- Index pour la table `poule`
--
ALTER TABLE `poule`
  ADD PRIMARY KEY (`id_poule`);

--
-- Index pour la table `stade`
--
ALTER TABLE `stade`
  ADD PRIMARY KEY (`id_stade`);

--
-- Index pour la table `tour`
--
ALTER TABLE `tour`
  ADD PRIMARY KEY (`id_tour`);

--
-- Index pour la table `tournoi`
--
ALTER TABLE `tournoi`
  ADD PRIMARY KEY (`id_tournoi`);

--
-- AUTO_INCREMENT pour les tables déchargées
--

--
-- AUTO_INCREMENT pour la table `arbitre`
--
ALTER TABLE `arbitre`
  MODIFY `id_arbitre` int(11) NOT NULL AUTO_INCREMENT, AUTO_INCREMENT=18;

--
-- AUTO_INCREMENT pour la table `equipe`
--
ALTER TABLE `equipe`
  MODIFY `id_equipe` int(11) NOT NULL AUTO_INCREMENT, AUTO_INCREMENT=17;

--
-- AUTO_INCREMENT pour la table `joueur`
--
ALTER TABLE `joueur`
  MODIFY `id_joueur` int(11) NOT NULL AUTO_INCREMENT, AUTO_INCREMENT=241;

--
-- AUTO_INCREMENT pour la table `licence`
--
ALTER TABLE `licence`
  MODIFY `id_licence` int(11) NOT NULL AUTO_INCREMENT, AUTO_INCREMENT=241;

--
-- AUTO_INCREMENT pour la table `matchs`
--
ALTER TABLE `matchs`
  MODIFY `id_matchs` int(11) NOT NULL AUTO_INCREMENT, AUTO_INCREMENT=33;

--
-- AUTO_INCREMENT pour la table `poule`
--
ALTER TABLE `poule`
  MODIFY `id_poule` int(11) NOT NULL AUTO_INCREMENT, AUTO_INCREMENT=5;

--
-- AUTO_INCREMENT pour la table `stade`
--
ALTER TABLE `stade`
  MODIFY `id_stade` int(11) NOT NULL AUTO_INCREMENT, AUTO_INCREMENT=5;

--
-- AUTO_INCREMENT pour la table `tour`
--
ALTER TABLE `tour`
  MODIFY `id_tour` int(11) NOT NULL AUTO_INCREMENT, AUTO_INCREMENT=6;

--
-- AUTO_INCREMENT pour la table `tournoi`
--
ALTER TABLE `tournoi`
  MODIFY `id_tournoi` int(11) NOT NULL AUTO_INCREMENT, AUTO_INCREMENT=2;

--
-- Contraintes pour les tables déchargées
--

--
-- Contraintes pour la table `arbitrer`
--
ALTER TABLE `arbitrer`
  ADD CONSTRAINT `arbitrer_arbitre0_FK` FOREIGN KEY (`id_arbitre`) REFERENCES `arbitre` (`id_arbitre`),
  ADD CONSTRAINT `arbitrer_matchs_FK` FOREIGN KEY (`id_matchs`) REFERENCES `matchs` (`id_matchs`);

--
-- Contraintes pour la table `contenir`
--
ALTER TABLE `contenir`
  ADD CONSTRAINT `contenir_equipe0_FK` FOREIGN KEY (`id_equipe`) REFERENCES `equipe` (`id_equipe`),
  ADD CONSTRAINT `contenir_poule_FK` FOREIGN KEY (`id_poule`) REFERENCES `poule` (`id_poule`),
  ADD CONSTRAINT `contenir_tournoi1_FK` FOREIGN KEY (`id_tournoi`) REFERENCES `tournoi` (`id_tournoi`);

--
-- Contraintes pour la table `disputer`
--
ALTER TABLE `disputer`
  ADD CONSTRAINT `disputer_equipe0_FK` FOREIGN KEY (`id_equipe_disputer`) REFERENCES `equipe` (`id_equipe`),
  ADD CONSTRAINT `disputer_equipe_FK` FOREIGN KEY (`id_equipe`) REFERENCES `equipe` (`id_equipe`),
  ADD CONSTRAINT `disputer_matchs1_FK` FOREIGN KEY (`id_matchs`) REFERENCES `matchs` (`id_matchs`);

--
-- Contraintes pour la table `jouer`
--
ALTER TABLE `jouer`
  ADD CONSTRAINT `jouer_licence0_FK` FOREIGN KEY (`id_licence`) REFERENCES `licence` (`id_licence`),
  ADD CONSTRAINT `jouer_matchs_FK` FOREIGN KEY (`id_matchs`) REFERENCES `matchs` (`id_matchs`);

--
-- Contraintes pour la table `licence`
--
ALTER TABLE `licence`
  ADD CONSTRAINT `licence_equipe1_FK` FOREIGN KEY (`id_equipe`) REFERENCES `equipe` (`id_equipe`),
  ADD CONSTRAINT `licence_joueur0_FK` FOREIGN KEY (`id_joueur`) REFERENCES `joueur` (`id_joueur`),
  ADD CONSTRAINT `licence_tournoi_FK` FOREIGN KEY (`id_tournoi`) REFERENCES `tournoi` (`id_tournoi`);

--
-- Contraintes pour la table `matchs`
--
ALTER TABLE `matchs`
  ADD CONSTRAINT `matchs_stade_FK` FOREIGN KEY (`id_stade`) REFERENCES `stade` (`id_stade`),
  ADD CONSTRAINT `matchs_tour0_FK` FOREIGN KEY (`id_tour`) REFERENCES `tour` (`id_tour`),
  ADD CONSTRAINT `matchs_tournoi1_FK` FOREIGN KEY (`id_tournoi`) REFERENCES `tournoi` (`id_tournoi`);

--
-- Contraintes pour la table `participer`
--
ALTER TABLE `participer`
  ADD CONSTRAINT `participer_licence_FK` FOREIGN KEY (`id_licence`) REFERENCES `licence` (`id_licence`),
  ADD CONSTRAINT `participer_matchs0_FK` FOREIGN KEY (`id_matchs`) REFERENCES `matchs` (`id_matchs`);
COMMIT;

/*!40101 SET CHARACTER_SET_CLIENT=@OLD_CHARACTER_SET_CLIENT */;
/*!40101 SET CHARACTER_SET_RESULTS=@OLD_CHARACTER_SET_RESULTS */;
/*!40101 SET COLLATION_CONNECTION=@OLD_COLLATION_CONNECTION */;
